date,price,volume
2024-02-07 01:00:00,18.556,476
2024-02-08 01:00:00,12.028,298
2024-02-09 01:00:00,12.099,226
2024-02-10 01:00:00,12.827,161
2024-02-11 01:00:00,12.368,144
2024-02-12 01:00:00,12.502,104
2024-02-13 01:00:00,11.608,117
2024-02-14 01:00:00,9.92,203
2024-02-15 01:00:00,7.741,209
2024-02-16 01:00:00,7.309,160
2024-02-17 01:00:00,7.377,165
2024-02-18 01:00:00,7.6,141
2024-02-19 01:00:00,8.018,135
2024-02-20 01:00:00,7.999,93
2024-02-21 01:00:00,7.731,148
2024-02-22 01:00:00,6.6,173
2024-02-23 01:00:00,6.451,149
2024-02-24 01:00:00,6.325,159
2024-02-25 01:00:00,6.616,149
2024-02-26 01:00:00,5.927,134
2024-02-27 01:00:00,6.335,104
2024-02-28 01:00:00,6.204,170
2024-02-29 01:00:00,5.819,184
2024-03-01 01:00:00,5.678,153
2024-03-02 01:00:00,5.916,160
2024-03-03 01:00:00,6.224,112
2024-03-04 01:00:00,6.482,111
2024-03-05 01:00:00,6.554,110
2024-03-06 01:00:00,6.579,153
2024-03-07 01:00:00,6.258,140
2024-03-08 01:00:00,6.344,181
2024-03-09 01:00:00,6.483,142
2024-03-10 01:00:00,6.191,127
2024-03-11 01:00:00,6.083,125
2024-03-12 01:00:00,6.174,102
2024-03-13 01:00:00,6.182,155
2024-03-14 01:00:00,5.697,195
2024-03-15 01:00:00,5.474,152
2024-03-16 01:00:00,5.26,155
2024-03-17 01:00:00,5.098,146
2024-03-18 01:00:00,5.12,160
2024-03-19 01:00:00,5.091,133
2024-03-20 01:00:00,5.044,152
2024-03-21 01:00:00,5.018,202
2024-03-22 01:00:00,4.944,133
2024-03-23 01:00:00,4.814,158
2024-03-24 01:00:00,4.585,178
2024-03-25 01:00:00,4.632,118
2024-03-26 01:00:00,4.835,110
2024-03-27 01:00:00,4.709,165
2024-03-28 01:00:00,4.752,160
2024-03-29 01:00:00,4.728,190
2024-03-30 01:00:00,4.77,203
2024-03-31 01:00:00,4.674,193
2024-04-01 01:00:00,4.551,160
2024-04-02 01:00:00,4.25,138
2024-04-03 01:00:00,4.144,206
2024-04-04 01:00:00,4.256,206
2024-04-05 01:00:00,4.331,169
2024-04-06 01:00:00,4.314,171
2024-04-07 01:00:00,4.168,170
2024-04-08 01:00:00,4.289,158
2024-04-09 01:00:00,4.352,125
2024-04-10 01:00:00,4.326,211
2024-04-11 01:00:00,4.34,177
2024-04-12 01:00:00,4.31,157
2024-04-13 01:00:00,4.154,166
2024-04-14 01:00:00,4.199,216
2024-04-15 01:00:00,4.149,150
2024-04-16 01:00:00,4.22,127
2024-04-17 01:00:00,4.164,144
2024-04-18 01:00:00,3.978,164
2024-04-19 01:00:00,3.75,174
2024-04-20 01:00:00,3.56,163
2024-04-21 01:00:00,3.456,161
2024-04-22 01:00:00,3.272,158
2024-04-23 01:00:00,3.212,133
2024-04-24 01:00:00,3.126,168
2024-04-25 01:00:00,3.111,193
2024-04-26 01:00:00,3.107,209
2024-04-27 01:00:00,3.091,181
2024-04-28 01:00:00,3.112,215
2024-04-29 01:00:00,3.113,172
2024-04-30 01:00:00,3.313,159
2024-05-01 01:00:00,3.306,170
2024-05-02 01:00:00,3.328,155
2024-05-03 01:00:00,3.32,166
2024-05-04 01:00:00,3.297,158
2024-05-05 01:00:00,3.317,201
2024-05-06 01:00:00,3.285,188
2024-05-07 01:00:00,3.37,150
2024-05-08 01:00:00,3.408,158
2024-05-09 01:00:00,3.312,165
2024-05-10 01:00:00,3.29,175
2024-05-11 01:00:00,3.329,154
2024-05-12 01:00:00,3.315,144
2024-05-13 01:00:00,3.278,129
2024-05-14 01:00:00,3.324,128
2024-05-15 01:00:00,3.395,173
2024-05-16 01:00:00,3.372,144
2024-05-17 01:00:00,3.415,158
2024-05-18 01:00:00,3.341,151
2024-05-19 01:00:00,3.223,183
2024-05-20 01:00:00,3.163,155
2024-05-21 01:00:00,3.111,135
2024-05-22 01:00:00,3.0,166
2024-05-23 01:00:00,2.884,209
2024-05-24 01:00:00,2.799,232
2024-05-25 01:00:00,2.867,119
2024-05-26 01:00:00,2.87,144
2024-05-27 01:00:00,2.947,163
2024-05-28 01:00:00,2.893,157
2024-05-29 01:00:00,2.868,168
2024-05-30 01:00:00,2.873,145
2024-05-31 01:00:00,2.853,148
2024-06-01 01:00:00,2.878,172
2024-06-02 01:00:00,2.997,118
2024-06-03 01:00:00,2.949,101
2024-06-04 01:00:00,2.979,101
2024-06-05 01:00:00,2.982,136
2024-06-06 01:00:00,2.932,117
2024-06-07 01:00:00,2.847,133
2024-06-08 01:00:00,2.896,152
2024-06-09 01:00:00,2.84,143
2024-06-10 01:00:00,2.774,102
2024-06-11 01:00:00,2.757,102
2024-06-12 01:00:00,2.75,152
2024-06-13 01:00:00,2.732,129
2024-06-14 01:00:00,2.674,118
2024-06-15 01:00:00,2.647,142
2024-06-16 01:00:00,2.703,135
2024-06-17 01:00:00,2.705,107
2024-06-18 01:00:00,2.648,104
2024-06-19 01:00:00,2.634,137
2024-06-20 01:00:00,2.598,109
2024-06-21 01:00:00,2.7,120
2024-06-22 01:00:00,2.575,133
2024-06-23 01:00:00,2.572,107
2024-06-24 01:00:00,2.628,102
2024-06-25 01:00:00,2.553,96
2024-06-26 01:00:00,2.573,143
2024-06-27 01:00:00,2.585,149
2024-06-28 01:00:00,2.551,122
2024-06-29 01:00:00,2.527,129
2024-06-30 01:00:00,2.509,134
2024-07-01 01:00:00,2.526,123
2024-07-02 01:00:00,2.55,129
2024-07-03 01:00:00,2.504,150
2024-07-04 01:00:00,2.506,165
2024-07-05 01:00:00,2.508,124
2024-07-06 01:00:00,2.532,136
2024-07-07 01:00:00,2.503,128
2024-07-08 01:00:00,2.499,83
2024-07-09 01:00:00,2.426,100
2024-07-10 01:00:00,2.378,134
2024-07-11 01:00:00,2.346,139
2024-07-12 01:00:00,2.308,114
2024-07-13 01:00:00,2.343,120
2024-07-14 01:00:00,2.484,109
2024-07-15 01:00:00,2.34,113
2024-07-16 01:00:00,2.395,140
2024-07-17 01:00:00,2.403,111
2024-07-18 01:00:00,2.439,172
2024-07-19 01:00:00,2.482,122
2024-07-20 01:00:00,2.553,159
2024-07-21 01:00:00,2.546,146
2024-07-22 01:00:00,2.541,86
2024-07-23 01:00:00,2.581,155
2024-07-24 01:00:00,2.646,140
2024-07-25 01:00:00,2.688,131
2024-07-26 01:00:00,2.722,122
2024-07-27 01:00:00,2.729,118
2024-07-28 01:00:00,2.745,127
2024-07-29 01:00:00,2.742,107
2024-07-30 01:00:00,2.729,124
2024-07-31 01:00:00,2.741,162
2024-08-01 01:00:00,2.777,140
2024-08-02 01:00:00,2.73,125
2024-08-03 01:00:00,2.736,155
2024-08-04 01:00:00,2.75,170
2024-08-05 01:00:00,2.72,104
2024-08-06 01:00:00,2.732,111
2024-08-07 01:00:00,2.753,140
2024-08-08 01:00:00,2.745,159
2024-08-09 01:00:00,2.729,148
2024-08-10 01:00:00,2.718,163
2024-08-11 01:00:00,2.719,139
2024-08-12 01:00:00,2.669,133
2024-08-13 01:00:00,2.661,154
2024-08-14 01:00:00,2.64,157
2024-08-15 01:00:00,2.609,134
2024-08-16 01:00:00,2.613,165
2024-08-17 01:00:00,2.622,178
2024-08-18 01:00:00,2.627,155
2024-08-19 01:00:00,2.624,158
2024-08-20 01:00:00,2.591,160
2024-08-21 01:00:00,2.6,148
2024-08-22 01:00:00,2.596,158
2024-08-23 01:00:00,2.545,126
2024-08-24 01:00:00,2.503,136
2024-08-25 01:00:00,2.472,122
2024-08-26 01:00:00,2.422,130
2024-08-27 01:00:00,2.472,131
2024-08-28 01:00:00,2.498,142
2024-08-29 01:00:00,2.537,138
2024-08-30 01:00:00,2.584,186
2024-08-31 01:00:00,2.696,167
2024-09-01 01:00:00,2.665,146
2024-09-02 01:00:00,2.703,126
2024-09-03 01:00:00,2.754,138
2024-09-04 01:00:00,2.751,142
2024-09-05 01:00:00,2.753,128
2024-09-06 01:00:00,2.766,142
2024-09-07 01:00:00,2.79,151
2024-09-08 01:00:00,2.805,158
2024-09-09 01:00:00,2.793,136
2024-09-10 01:00:00,2.799,108
2024-09-11 01:00:00,2.787,158
2024-09-12 01:00:00,2.782,160
2024-09-13 01:00:00,2.814,154
2024-09-14 01:00:00,2.843,169
2024-09-15 01:00:00,2.827,145
2024-09-16 01:00:00,2.949,128
2024-09-17 01:00:00,2.855,113
2024-09-18 01:00:00,2.847,131
2024-09-19 01:00:00,2.909,123
2024-09-20 01:00:00,2.841,129
2024-09-21 01:00:00,2.842,152
2024-09-22 01:00:00,2.86,161
2024-09-23 01:00:00,2.908,101
2024-09-24 01:00:00,2.919,110
2024-09-25 01:00:00,2.895,108
2024-09-26 01:00:00,2.842,176
2024-09-27 01:00:00,2.9,133
2024-09-28 01:00:00,2.894,112
2024-09-29 01:00:00,2.901,175
2024-09-30 01:00:00,2.875,120
2024-10-01 01:00:00,2.938,128
2024-10-02 01:00:00,2.945,163
2024-10-03 01:00:00,2.901,280
2024-10-04 01:00:00,2.821,114
2024-10-05 01:00:00,2.838,87
2024-10-06 01:00:00,2.907,97
2024-10-07 01:00:00,2.909,98
2024-10-08 01:00:00,3.006,67
2024-10-09 01:00:00,2.895,70
2024-10-10 01:00:00,2.999,79
2024-10-11 01:00:00,3.013,158
2024-10-12 01:00:00,3.027,113
2024-10-13 01:00:00,3.156,126
2024-10-14 01:00:00,3.105,104
2024-10-15 01:00:00,3.18,100
2024-10-16 01:00:00,3.235,105
2024-10-17 01:00:00,3.246,119
2024-10-18 01:00:00,3.335,98
2024-10-19 01:00:00,3.432,123
2024-10-20 01:00:00,3.435,112
2024-10-21 01:00:00,3.467,121
2024-10-22 01:00:00,3.446,91
2024-10-23 01:00:00,3.759,95
2024-10-24 01:00:00,3.301,88
2024-10-25 01:00:00,3.357,84
2024-10-26 01:00:00,3.338,84
2024-10-27 01:00:00,3.332,86
2024-10-28 01:00:00,3.398,75
2024-10-29 01:00:00,3.211,91
2024-10-30 01:00:00,3.209,86
2024-10-31 01:00:00,3.178,108
2024-11-01 01:00:00,3.212,120
2024-11-02 01:00:00,3.312,95
2024-11-03 01:00:00,3.348,75
2024-11-04 01:00:00,3.415,96
2024-11-05 01:00:00,3.463,54
2024-11-06 01:00:00,3.438,90
2024-11-07 01:00:00,3.402,78
2024-11-08 01:00:00,3.435,87
2024-11-09 01:00:00,3.42,84
2024-11-10 01:00:00,3.424,88
2024-11-11 01:00:00,3.438,71
2024-11-12 01:00:00,3.424,75
2024-11-13 00:00:00,3.29,1
2024-11-13 01:00:00,3.49,5
2024-11-13 02:00:00,3.4,4
2024-11-13 03:00:00,3.35,3
2024-11-13 04:00:00,3.39,2
2024-11-13 05:00:00,3.482,3
2024-11-13 06:00:00,3.42,7
2024-11-13 07:00:00,3.511,2
2024-11-13 08:00:00,3.479,2
2024-11-13 09:00:00,3.46,1
2024-11-13 10:00:00,3.462,3
2024-11-13 11:00:00,3.453,3
2024-11-13 12:00:00,3.47,3
2024-11-13 13:00:00,3.4,4
2024-11-13 14:00:00,3.41,8
2024-11-13 15:00:00,3.464,10
2024-11-13 16:00:00,3.46,5
2024-11-13 17:00:00,3.47,9
2024-11-13 18:00:00,3.475,11
2024-11-13 19:00:00,3.43,8
2024-11-13 20:00:00,3.4,6
2024-11-13 21:00:00,3.481,7
2024-11-13 22:00:00,3.5,5
2024-11-13 23:00:00,3.476,2
2024-11-14 00:00:00,3.45,1
2024-11-14 01:00:00,3.48,3
2024-11-14 02:00:00,3.5,3
2024-11-14 03:00:00,3.465,2
2024-11-14 04:00:00,3.473,1
2024-11-14 07:00:00,3.4,2
2024-11-14 08:00:00,3.46,8
2024-11-14 09:00:00,3.46,3
2024-11-14 10:00:00,3.459,2
2024-11-14 11:00:00,3.46,3
2024-11-14 12:00:00,3.46,3
2024-11-14 13:00:00,3.43,4
2024-11-14 14:00:00,3.45,5
2024-11-14 15:00:00,3.425,10
2024-11-14 16:00:00,3.457,16
2024-11-14 17:00:00,3.468,5
2024-11-14 18:00:00,3.45,4
2024-11-14 19:00:00,3.465,8
2024-11-14 20:00:00,3.4,1
2024-11-14 21:00:00,3.495,12
2024-11-14 22:00:00,3.505,11
2024-11-14 23:00:00,3.534,1
2024-11-15 00:00:00,3.46,2
2024-11-15 01:00:00,3.42,1
2024-11-15 02:00:00,3.525,2
2024-11-15 03:00:00,3.49,6
2024-11-15 04:00:00,3.53,3
2024-11-15 05:00:00,3.46,1
2024-11-15 06:00:00,3.52,2
2024-11-15 07:00:00,3.46,1
2024-11-15 08:00:00,3.49,3
2024-11-15 09:00:00,3.46,3
2024-11-15 10:00:00,3.46,4
2024-11-15 11:00:00,3.4,5
2024-11-15 12:00:00,3.425,2
2024-11-15 13:00:00,3.442,4
2024-11-15 14:00:00,3.487,6
2024-11-15 15:00:00,3.505,8
2024-11-15 16:00:00,3.475,4
2024-11-15 17:00:00,3.515,5
2024-11-15 18:00:00,3.5,7
2024-11-15 19:00:00,3.435,8
2024-11-15 20:00:00,3.48,5
2024-11-15 21:00:00,3.534,4
2024-11-15 22:00:00,3.534,3
2024-11-15 23:00:00,3.513,3
2024-11-16 00:00:00,3.53,2
2024-11-16 01:00:00,3.545,2
2024-11-16 02:00:00,3.574,4
2024-11-16 03:00:00,3.59,1
2024-11-16 04:00:00,3.625,1
2024-11-16 05:00:00,3.63,1
2024-11-16 06:00:00,3.31,1
2024-11-16 07:00:00,3.55,2
2024-11-16 08:00:00,3.5,3
2024-11-16 09:00:00,3.49,3
2024-11-16 10:00:00,3.605,2
2024-11-16 11:00:00,3.571,9
2024-11-16 12:00:00,3.57,7
2024-11-16 13:00:00,3.525,6
2024-11-16 14:00:00,3.59,7
2024-11-16 15:00:00,3.59,7
2024-11-16 16:00:00,3.49,3
2024-11-16 17:00:00,3.571,5
2024-11-16 18:00:00,3.54,8
2024-11-16 19:00:00,3.538,2
2024-11-16 20:00:00,3.61,6
2024-11-16 21:00:00,3.595,4
2024-11-16 22:00:00,3.615,4
2024-11-16 23:00:00,3.613,2
2024-11-17 00:00:00,3.55,4
2024-11-17 01:00:00,3.545,4
2024-11-17 02:00:00,3.57,2
2024-11-17 03:00:00,3.599,1
2024-11-17 04:00:00,3.6,7
2024-11-17 05:00:00,3.37,1
2024-11-17 06:00:00,3.59,1
2024-11-17 07:00:00,3.5,2
2024-11-17 08:00:00,3.565,2
2024-11-17 09:00:00,3.59,3
2024-11-17 10:00:00,3.586,4
2024-11-17 11:00:00,3.573,4
2024-11-17 12:00:00,3.602,3
2024-11-17 13:00:00,3.621,3
2024-11-17 14:00:00,3.571,6
2024-11-17 15:00:00,3.561,2
2024-11-17 16:00:00,3.49,7
2024-11-17 17:00:00,3.578,2
2024-11-17 18:00:00,3.571,6
2024-11-17 19:00:00,3.5,5
2024-11-17 20:00:00,3.558,7
2024-11-17 21:00:00,3.57,5
2024-11-17 22:00:00,3.634,5
2024-11-17 23:00:00,3.37,1
2024-11-18 00:00:00,3.565,4
2024-11-18 01:00:00,3.62,2
2024-11-18 02:00:00,3.62,4
2024-11-18 03:00:00,3.705,2
2024-11-18 04:00:00,3.535,2
2024-11-18 05:00:00,3.62,1
2024-11-18 06:00:00,3.622,2
2024-11-18 09:00:00,3.57,4
2024-11-18 10:00:00,3.462,2
2024-11-18 12:00:00,3.598,6
2024-11-18 13:00:00,3.594,4
2024-11-18 14:00:00,3.6,1
2024-11-18 15:00:00,3.58,3
2024-11-18 16:00:00,3.581,3
2024-11-18 17:00:00,3.49,7
2024-11-18 18:00:00,3.525,6
2024-11-18 19:00:00,3.602,7
2024-11-18 20:00:00,3.571,8
2024-11-18 21:00:00,3.644,3
2024-11-18 22:00:00,3.48,4
2024-11-19 00:00:00,3.578,2
2024-11-19 01:00:00,3.64,3
2024-11-19 02:00:00,3.652,1
2024-11-19 03:00:00,3.666,1
2024-11-19 04:00:00,3.71,3
2024-11-19 05:00:00,4.51,1
2024-11-19 06:00:00,3.291,2
2024-11-19 07:00:00,3.63,2
2024-11-19 08:00:00,3.729,2
2024-11-19 09:00:00,3.805,3
2024-11-19 10:00:00,3.719,4
2024-11-19 11:00:00,3.5,1
2024-11-19 12:00:00,3.891,2
2024-11-19 13:00:00,3.58,3
2024-11-19 14:00:00,3.75,5
2024-11-19 15:00:00,3.735,2
2024-11-19 16:00:00,3.45,5
2024-11-19 17:00:00,3.6,3
2024-11-19 18:00:00,3.588,4
2024-11-19 19:00:00,3.37,5
2024-11-19 20:00:00,3.595,2
2024-11-19 21:00:00,3.586,8
2024-11-19 22:00:00,3.38,3
2024-11-19 23:00:00,3.57,4
2024-11-20 00:00:00,3.604,1
2024-11-20 01:00:00,3.49,1
2024-11-20 02:00:00,3.58,7
2024-11-20 04:00:00,3.59,1
2024-11-20 05:00:00,3.58,1
2024-11-20 06:00:00,3.57,1
2024-11-20 07:00:00,3.45,3
2024-11-20 09:00:00,3.53,4
2024-11-20 10:00:00,3.6,3
2024-11-20 11:00:00,3.485,2
2024-11-20 12:00:00,3.365,4
2024-11-20 13:00:00,3.575,6
2024-11-20 14:00:00,3.613,9
2024-11-20 15:00:00,3.59,4
2024-11-20 16:00:00,3.54,5
2024-11-20 17:00:00,3.548,8
2024-11-20 18:00:00,3.56,10
2024-11-20 19:00:00,3.555,4
2024-11-20 20:00:00,3.5,7
2024-11-20 21:00:00,3.54,7
2024-11-20 22:00:00,3.541,2
2024-11-20 23:00:00,3.5,3
2024-11-21 00:00:00,3.45,1
2024-11-21 01:00:00,3.261,2
2024-11-21 02:00:00,3.58,1
2024-11-21 03:00:00,2.985,1
2024-11-21 04:00:00,3.58,5
2024-11-21 05:00:00,3.59,1
2024-11-21 06:00:00,3.61,1
2024-11-21 07:00:00,3.64,1
2024-11-21 08:00:00,3.613,1
2024-11-21 09:00:00,3.72,1
2024-11-21 10:00:00,3.499,2
2024-11-21 11:00:00,3.49,5
2024-11-21 12:00:00,3.51,2
2024-11-21 13:00:00,3.588,3
2024-11-21 14:00:00,3.61,6
2024-11-21 15:00:00,3.505,4
2024-11-21 16:00:00,3.535,4
2024-11-21 17:00:00,3.57,6
2024-11-21 18:00:00,3.56,5
2024-11-21 19:00:00,3.604,7
2024-11-21 20:00:00,3.476,6
2024-11-21 21:00:00,3.59,7
2024-11-21 22:00:00,3.445,4
2024-11-21 23:00:00,3.46,3
2024-11-22 00:00:00,3.539,2
2024-11-22 01:00:00,3.53,5
2024-11-22 02:00:00,3.621,2
2024-11-22 05:00:00,3.63,1
2024-11-22 07:00:00,3.425,2
2024-11-22 08:00:00,3.59,3
2024-11-22 09:00:00,3.37,4
2024-11-22 10:00:00,3.423,1
2024-11-22 11:00:00,3.41,5
2024-11-22 12:00:00,3.395,4
2024-11-22 13:00:00,3.511,4
2024-11-22 14:00:00,3.375,6
2024-11-22 15:00:00,3.486,3
2024-11-22 16:00:00,3.587,5
2024-11-22 17:00:00,3.38,5
2024-11-22 18:00:00,3.416,4
2024-11-22 19:00:00,3.51,7
2024-11-22 20:00:00,3.37,3
2024-11-22 21:00:00,3.37,3
2024-11-22 22:00:00,3.373,9
2024-11-22 23:00:00,3.315,4
2024-11-23 00:00:00,3.526,3
2024-11-23 01:00:00,3.4,3
2024-11-23 02:00:00,3.39,3
2024-11-23 03:00:00,3.37,4
2024-11-23 04:00:00,3.41,1
2024-11-23 05:00:00,3.52,1
2024-11-23 07:00:00,3.39,1
2024-11-23 09:00:00,3.42,7
2024-11-23 10:00:00,3.42,7
2024-11-23 11:00:00,3.4,4
2024-11-23 12:00:00,3.38,3
2024-11-23 13:00:00,3.39,5
2024-11-23 14:00:00,3.508,23
2024-11-23 15:00:00,3.584,4
2024-11-23 16:00:00,3.473,6
2024-11-23 17:00:00,3.34,2
2024-11-23 18:00:00,3.652,8
2024-11-23 19:00:00,3.481,2
2024-11-23 20:00:00,3.534,4
2024-11-23 21:00:00,3.59,4
2024-11-23 22:00:00,3.466,1
2024-11-23 23:00:00,3.5,5
2024-11-24 00:00:00,3.58,1
2024-11-24 01:00:00,3.471,4
2024-11-24 02:00:00,3.45,5
2024-11-24 03:00:00,3.41,3
2024-11-24 04:00:00,3.59,3
2024-11-24 05:00:00,3.42,1
2024-11-24 06:00:00,3.581,2
2024-11-24 07:00:00,3.59,3
2024-11-24 08:00:00,3.45,1
2024-11-24 09:00:00,3.473,1
2024-11-24 10:00:00,3.429,6
2024-11-24 11:00:00,3.447,3
2024-11-24 12:00:00,3.42,5
2024-11-24 13:00:00,3.441,7
2024-11-24 14:00:00,3.42,10
2024-11-24 15:00:00,3.476,7
2024-11-24 16:00:00,3.549,5
2024-11-24 17:00:00,3.29,2
2024-11-24 18:00:00,3.42,5
2024-11-24 19:00:00,3.446,9
2024-11-24 20:00:00,3.431,6
2024-11-24 21:00:00,3.44,6
2024-11-24 22:00:00,3.45,1
2024-11-24 23:00:00,3.39,1
2024-11-25 00:00:00,3.343,2
2024-11-25 01:00:00,3.41,2
2024-11-25 02:00:00,3.42,3
2024-11-25 03:00:00,3.211,2
2024-11-25 04:00:00,3.4,2
2024-11-25 05:00:00,3.42,3
2024-11-25 06:00:00,3.45,7
2024-11-25 07:00:00,3.4,1
2024-11-25 08:00:00,3.446,3
2024-11-25 09:00:00,3.496,7
2024-11-25 10:00:00,3.33,3
2024-11-25 11:00:00,3.476,3
2024-11-25 12:00:00,3.42,3
2024-11-25 13:00:00,3.444,4
2024-11-25 15:00:00,3.447,11
2024-11-25 16:00:00,3.42,8
2024-11-25 17:00:00,3.447,5
2024-11-25 18:00:00,3.35,6
2024-11-25 19:00:00,3.424,4
2024-11-25 20:00:00,3.422,8
2024-11-25 21:00:00,3.41,4
2024-11-25 22:00:00,3.481,4
2024-11-25 23:00:00,3.445,1
2024-11-26 00:00:00,3.42,1
2024-11-26 02:00:00,3.085,2
2024-11-26 03:00:00,3.45,3
2024-11-26 04:00:00,3.436,2
2024-11-26 05:00:00,3.45,3
2024-11-26 06:00:00,4.51,2
2024-11-26 07:00:00,3.425,4
2024-11-26 08:00:00,3.42,6
2024-11-26 09:00:00,3.12,1
2024-11-26 10:00:00,3.31,3
2024-11-26 12:00:00,3.35,5
2024-11-26 13:00:00,3.38,3
2024-11-26 14:00:00,3.39,8
2024-11-26 15:00:00,3.59,1
2024-11-26 16:00:00,3.46,11
2024-11-26 17:00:00,3.434,5
2024-11-26 18:00:00,3.411,8
2024-11-26 19:00:00,3.37,5
2024-11-26 20:00:00,3.4,7
2024-11-26 21:00:00,3.426,3
2024-11-26 22:00:00,3.39,3
2024-11-26 23:00:00,3.39,3
2024-11-27 00:00:00,3.45,1
2024-11-27 01:00:00,3.515,2
2024-11-27 02:00:00,3.256,2
2024-11-27 03:00:00,3.45,1
2024-11-27 04:00:00,3.45,3
2024-11-27 06:00:00,3.37,1
2024-11-27 07:00:00,3.568,1
2024-11-27 08:00:00,3.568,1
2024-11-27 09:00:00,3.54,5
2024-11-27 10:00:00,3.575,2
2024-11-27 11:00:00,3.572,1
2024-11-27 12:00:00,3.458,2
2024-11-27 13:00:00,3.37,3
2024-11-27 14:00:00,3.31,6
2024-11-27 16:00:00,3.54,5
2024-11-27 17:00:00,3.35,2
2024-11-27 18:00:00,3.393,7
2024-11-27 19:00:00,3.543,4
2024-11-27 20:00:00,3.14,3
2024-11-27 21:00:00,3.3,2
2024-11-27 22:00:00,3.34,5
2024-11-27 23:00:00,3.379,2
2024-11-28 00:00:00,3.335,4
2024-11-28 01:00:00,3.34,3
2024-11-28 02:00:00,3.34,13
2024-11-28 03:00:00,3.34,10
2024-11-28 04:00:00,3.33,47
2024-11-28 05:00:00,3.34,15
2024-11-28 06:00:00,3.33,5
2024-11-28 07:00:00,3.315,6
2024-11-28 08:00:00,3.26,3
2024-11-28 09:00:00,3.33,9
2024-11-28 10:00:00,3.31,5
2024-11-28 11:00:00,3.3,10
2024-11-28 12:00:00,3.31,10
2024-11-28 13:00:00,3.3,13
2024-11-28 14:00:00,3.305,18
2024-11-28 15:00:00,3.16,6
2024-11-28 16:00:00,3.325,8
2024-11-28 17:00:00,3.3,5
2024-11-28 18:00:00,3.333,9
2024-11-28 19:00:00,3.28,14
2024-11-28 20:00:00,3.328,6
2024-11-28 21:00:00,3.324,5
2024-11-28 22:00:00,3.27,3
2024-11-28 23:00:00,3.3,5
2024-11-29 00:00:00,3.18,3
2024-11-29 01:00:00,3.448,5
2024-11-29 02:00:00,3.318,2
2024-11-29 03:00:00,3.29,5
2024-11-29 04:00:00,3.3,4
2024-11-29 05:00:00,4.533,2
2024-11-29 06:00:00,3.298,4
2024-11-29 07:00:00,3.3,4
2024-11-29 08:00:00,3.325,2
2024-11-29 09:00:00,3.28,3
2024-11-29 10:00:00,3.331,4
2024-11-29 11:00:00,3.3,4
2024-11-29 12:00:00,3.29,9
2024-11-29 13:00:00,3.29,6
2024-11-29 14:00:00,3.28,6
2024-11-29 15:00:00,3.29,8
2024-11-29 16:00:00,3.255,4
2024-11-29 17:00:00,3.277,9
2024-11-29 18:00:00,3.28,6
2024-11-29 19:00:00,3.271,8
2024-11-29 20:00:00,3.253,6
2024-11-29 21:00:00,3.136,2
2024-11-29 22:00:00,3.294,3
2024-11-29 23:00:00,3.22,8
2024-11-30 02:00:00,3.255,6
2024-11-30 03:00:00,3.195,4
2024-11-30 04:00:00,3.266,4
2024-11-30 05:00:00,3.27,5
2024-11-30 06:00:00,3.304,6
2024-11-30 07:00:00,3.3,8
2024-11-30 08:00:00,3.326,3
2024-11-30 09:00:00,3.35,9
2024-11-30 10:00:00,3.344,5
2024-11-30 11:00:00,3.365,3
2024-11-30 12:00:00,3.31,6
2024-11-30 13:00:00,3.34,9
2024-11-30 14:00:00,3.439,5
2024-11-30 15:00:00,3.29,5
2024-11-30 16:00:00,3.286,4
2024-11-30 17:00:00,3.31,5
2024-11-30 18:00:00,3.336,9
2024-11-30 19:00:00,3.23,4
2024-11-30 20:00:00,3.26,9
2024-11-30 21:00:00,3.382,2
2024-11-30 22:00:00,3.42,3
2024-11-30 23:00:00,3.0,3
2024-12-01 00:00:00,3.423,2
2024-12-01 01:00:00,3.38,2
2024-12-01 02:00:00,3.0,3
2024-12-01 03:00:00,3.245,4
2024-12-01 04:00:00,3.384,2
2024-12-01 05:00:00,3.439,3
2024-12-01 06:00:00,3.25,3
2024-12-01 07:00:00,3.345,4
2024-12-01 08:00:00,3.3,1
2024-12-01 09:00:00,3.205,6
2024-12-01 10:00:00,3.575,2
2024-12-01 11:00:00,3.28,3
2024-12-01 12:00:00,3.19,2
2024-12-01 13:00:00,3.16,5
2024-12-01 14:00:00,3.19,5
2024-12-01 15:00:00,3.22,11
2024-12-01 16:00:00,3.251,19
2024-12-01 17:00:00,3.34,9
2024-12-01 18:00:00,3.389,2
2024-12-01 19:00:00,3.33,8
2024-12-01 20:00:00,3.371,10
2024-12-01 21:00:00,3.16,3
2024-12-01 22:00:00,3.312,1
2024-12-01 23:00:00,3.168,4
2024-12-02 00:00:00,3.005,2
2024-12-02 01:00:00,3.105,2
2024-12-02 02:00:00,3.16,1
2024-12-02 03:00:00,3.26,1
2024-12-02 04:00:00,3.16,1
2024-12-02 06:00:00,3.27,1
2024-12-02 08:00:00,3.227,5
2024-12-02 09:00:00,3.16,5
2024-12-02 10:00:00,3.25,5
2024-12-02 11:00:00,3.245,2
2024-12-02 12:00:00,3.16,3
2024-12-02 13:00:00,3.27,5
2024-12-02 14:00:00,3.36,4
2024-12-02 15:00:00,3.25,3
2024-12-02 16:00:00,3.205,6
2024-12-02 17:00:00,3.25,13
2024-12-02 18:00:00,3.279,2
2024-12-02 19:00:00,3.282,2
2024-12-02 20:00:00,3.226,5
2024-12-02 21:00:00,3.29,5
2024-12-02 22:00:00,3.26,3
2024-12-02 23:00:00,3.27,3
2024-12-03 00:00:00,3.169,2
2024-12-03 01:00:00,3.705,2
2024-12-03 02:00:00,3.28,1
2024-12-03 03:00:00,3.215,2
2024-12-03 04:00:00,3.15,1
2024-12-03 05:00:00,3.3,5
2024-12-03 06:00:00,3.31,6
2024-12-03 07:00:00,3.33,1
2024-12-03 08:00:00,3.09,2
2024-12-03 09:00:00,3.28,6
2024-12-03 10:00:00,3.315,2
2024-12-03 11:00:00,2.84,1
2024-12-03 12:00:00,3.31,5
2024-12-03 13:00:00,3.31,6
2024-12-03 14:00:00,3.326,12
2024-12-03 15:00:00,3.328,10
2024-12-03 16:00:00,3.31,6
2024-12-03 17:00:00,3.26,3
2024-12-03 18:00:00,3.31,5
2024-12-03 19:00:00,3.275,6
2024-12-03 20:00:00,3.331,3
2024-12-03 21:00:00,3.26,5
2024-12-03 22:00:00,3.344,4
2024-12-03 23:00:00,3.35,4
2024-12-04 00:00:00,3.428,1
2024-12-04 01:00:00,3.31,4
2024-12-04 02:00:00,3.32,2
2024-12-04 03:00:00,3.31,4
2024-12-04 04:00:00,3.31,18
2024-12-04 05:00:00,3.154,2
2024-12-04 06:00:00,3.19,2
2024-12-04 07:00:00,3.31,3
2024-12-04 09:00:00,3.31,5
2024-12-04 10:00:00,3.31,3
2024-12-04 11:00:00,3.33,3
2024-12-04 12:00:00,3.318,4
2024-12-04 13:00:00,3.31,8
2024-12-04 14:00:00,3.32,4
2024-12-04 15:00:00,3.29,5
2024-12-04 16:00:00,3.31,7
2024-12-04 17:00:00,3.31,5
2024-12-04 18:00:00,3.3,8
2024-12-04 19:00:00,3.29,8
2024-12-04 20:00:00,3.363,4
2024-12-04 21:00:00,3.31,5
2024-12-04 22:00:00,3.321,6
2024-12-04 23:00:00,3.402,3
2024-12-05 00:00:00,3.407,5
2024-12-05 01:00:00,3.39,2
2024-12-05 02:00:00,3.3,1
2024-12-05 03:00:00,3.363,2
2024-12-05 05:00:00,3.423,2
2024-12-05 06:00:00,3.15,1
2024-12-05 09:00:00,3.4,5
2024-12-05 10:00:00,3.26,7
2024-12-05 11:00:00,3.31,2
2024-12-05 12:00:00,3.337,2
2024-12-05 13:00:00,3.34,3
2024-12-05 14:00:00,3.33,3
2024-12-05 15:00:00,3.35,14
2024-12-05 16:00:00,3.38,5
2024-12-05 17:00:00,3.35,7
2024-12-05 18:00:00,3.391,6
2024-12-05 19:00:00,3.4,3
2024-12-05 20:00:00,3.267,4
2024-12-05 21:00:00,3.315,8
2024-12-05 22:00:00,3.403,2
2024-12-05 23:00:00,3.34,5
2024-12-06 00:00:00,3.28,3
2024-12-06 01:00:00,3.407,4
2024-12-06 02:00:00,3.39,1
2024-12-06 03:00:00,3.4,1
2024-12-06 04:00:00,3.37,7
2024-12-06 05:00:00,3.39,4
2024-12-06 06:00:00,3.442,3
2024-12-06 07:00:00,3.415,4
2024-12-06 08:00:00,3.435,2
2024-12-06 09:00:00,3.395,10
2024-12-06 10:00:00,3.41,4
2024-12-06 11:00:00,3.42,12
2024-12-06 12:00:00,3.42,1
2024-12-06 13:00:00,3.415,6
2024-12-06 14:00:00,3.31,5
2024-12-06 15:00:00,3.44,7
2024-12-06 16:00:00,3.42,5
2024-12-06 17:00:00,3.46,7
2024-12-06 18:00:00,3.41,2
2024-12-06 19:00:00,3.42,7
2024-12-06 20:00:00,3.433,6
2024-12-06 21:00:00,3.315,8
2024-12-06 22:00:00,3.49,6
2024-12-06 23:00:00,3.475,4
2024-12-07 00:00:00,3.41,5
2024-12-07 01:00:00,3.28,1
2024-12-07 02:00:00,3.405,2
2024-12-07 03:00:00,2.741,2
2024-12-07 04:00:00,3.41,2
2024-12-07 05:00:00,3.41,2
2024-12-07 06:00:00,3.42,4
2024-12-07 07:00:00,3.42,3
2024-12-07 08:00:00,3.459,5
2024-12-07 09:00:00,3.42,7
2024-12-07 10:00:00,3.45,4
2024-12-07 11:00:00,3.153,2
2024-12-07 12:00:00,3.42,8
2024-12-07 13:00:00,3.442,5
2024-12-07 14:00:00,3.36,3
2024-12-07 15:00:00,3.395,4
2024-12-07 16:00:00,3.441,3
2024-12-07 17:00:00,3.42,4
2024-12-07 18:00:00,3.455,4
2024-12-07 19:00:00,3.4,4
2024-12-07 20:00:00,3.31,5
2024-12-07 21:00:00,3.41,6
2024-12-07 22:00:00,3.449,5
2024-12-07 23:00:00,3.42,7
2024-12-08 00:00:00,3.481,3
2024-12-08 01:00:00,3.33,3
2024-12-08 02:00:00,3.5,1
2024-12-08 03:00:00,3.435,2
2024-12-08 04:00:00,3.41,2
2024-12-08 06:00:00,3.45,3
2024-12-08 07:00:00,3.45,1
2024-12-08 09:00:00,3.496,8
2024-12-08 10:00:00,3.42,2
2024-12-08 11:00:00,3.433,2
2024-12-08 12:00:00,3.459,5
2024-12-08 13:00:00,3.42,9
2024-12-08 14:00:00,3.42,5
2024-12-08 15:00:00,3.4,3
2024-12-08 16:00:00,3.424,4
2024-12-08 17:00:00,3.43,4
2024-12-08 18:00:00,3.4,5
2024-12-08 19:00:00,3.406,4
2024-12-08 20:00:00,3.44,6
2024-12-08 21:00:00,3.45,2
2024-12-08 22:00:00,3.501,4
2024-12-08 23:00:00,3.39,3
2024-12-09 00:00:00,3.48,2
2024-12-09 01:00:00,3.48,4
2024-12-09 03:00:00,3.49,2
2024-12-09 04:00:00,3.5,3
2024-12-09 05:00:00,3.42,1
2024-12-09 06:00:00,3.468,2
2024-12-09 07:00:00,3.4,1
2024-12-09 08:00:00,3.1,1
2024-12-09 09:00:00,3.42,4
2024-12-09 10:00:00,3.45,6
2024-12-09 12:00:00,3.42,1
2024-12-09 13:00:00,3.27,3
2024-12-09 14:00:00,3.39,5
2024-12-09 15:00:00,3.44,2
2024-12-09 16:00:00,3.34,4
2024-12-09 17:00:00,3.332,6
2024-12-09 18:00:00,3.348,4
2024-12-09 19:00:00,3.4,13
2024-12-09 20:00:00,3.16,1
2024-12-09 21:00:00,3.226,3
2024-12-09 22:00:00,3.34,5
2024-12-09 23:00:00,3.448,3
2024-12-10 00:00:00,3.45,3
2024-12-10 02:00:00,3.42,3
2024-12-10 03:00:00,3.395,2
2024-12-10 04:00:00,3.32,2
2024-12-10 05:00:00,3.42,3
2024-12-10 06:00:00,3.45,3
2024-12-10 07:00:00,3.466,3
2024-12-10 08:00:00,3.954,1
2024-12-10 09:00:00,2.99,1
2024-12-10 10:00:00,3.279,3
2024-12-10 13:00:00,3.45,7
2024-12-10 14:00:00,3.459,6
2024-12-10 15:00:00,3.415,4
2024-12-10 16:00:00,3.39,6
2024-12-10 17:00:00,3.454,3
2024-12-10 18:00:00,3.464,5
2024-12-10 19:00:00,3.35,4
2024-12-10 20:00:00,3.285,3
2024-12-10 21:00:00,3.285,3
2024-12-10 22:00:00,3.442,1
2024-12-10 23:00:00,3.42,4
2024-12-11 01:00:00,3.39,1
2024-12-11 02:00:00,3.16,1
2024-12-11 03:00:00,3.39,4
2024-12-11 04:00:00,3.42,3
2024-12-11 05:00:00,3.31,1
2024-12-11 06:00:00,3.28,2
2024-12-11 07:00:00,3.392,1
2024-12-11 08:00:00,3.401,3
2024-12-11 09:00:00,3.369,5
2024-12-11 10:00:00,3.38,1
2024-12-11 11:00:00,3.38,5
2024-12-11 12:00:00,3.38,3
2024-12-11 13:00:00,3.37,6
2024-12-11 14:00:00,3.379,8
2024-12-11 16:00:00,3.38,3
2024-12-11 17:00:00,3.375,6
2024-12-11 18:00:00,3.389,8
2024-12-11 19:00:00,3.31,3
2024-12-11 20:00:00,3.37,5
2024-12-11 21:00:00,3.414,5
2024-12-11 22:00:00,3.355,4
2024-12-11 23:00:00,3.31,9
2024-12-12 00:00:00,3.37,3
2024-12-12 01:00:00,3.38,3
2024-12-12 02:00:00,3.28,3
2024-12-12 03:00:00,3.39,1
2024-12-12 04:00:00,3.4,9
2024-12-12 05:00:00,3.442,3
2024-12-12 07:00:00,3.425,2
2024-12-12 09:00:00,3.42,7
2024-12-12 10:00:00,3.43,4
2024-12-12 11:00:00,3.429,4
2024-12-12 12:00:00,3.42,5
2024-12-12 13:00:00,3.46,5
2024-12-12 14:00:00,3.29,2
2024-12-12 15:00:00,3.42,3
2024-12-12 16:00:00,3.431,6
2024-12-12 17:00:00,3.42,7
2024-12-12 18:00:00,3.442,7
2024-12-12 19:00:00,3.42,7
2024-12-12 20:00:00,3.42,5
2024-12-12 21:00:00,3.442,5
2024-12-12 22:00:00,3.36,7
