date,price,forecast_price
2013-12-19,13.023,
2013-12-20,7.823,
2013-12-21,6.764,
2013-12-22,5.78,
2013-12-23,4.764,
2013-12-24,4.769,
2013-12-25,4.865,
2013-12-26,4.706,
2013-12-27,4.329,
2013-12-28,4.117,
2013-12-29,3.514,
2013-12-30,3.184,
2013-12-31,2.953,
2014-01-01,2.874,
2014-01-02,2.778,
2014-01-03,2.705,
2014-01-04,2.775,
2014-01-05,2.668,
2014-01-06,2.569,
2014-01-07,2.504,
2014-01-08,2.433,
2014-01-09,2.433,
2014-01-10,2.444,
2014-01-11,2.572,
2014-01-12,2.367,
2014-01-13,2.117,
2014-01-14,2.101,
2014-01-15,2.116,
2014-01-16,2.039,
2014-01-17,1.965,
2014-01-18,1.984,
2014-01-19,1.988,
2014-01-20,1.954,
2014-01-21,1.823,
2014-01-22,1.845,
2014-01-23,1.787,
2014-01-24,1.772,
2014-01-25,1.856,
2014-01-26,1.82,
2014-01-27,1.731,
2014-01-28,1.677,
2014-01-29,1.627,
2014-01-30,1.584,
2014-01-31,1.493,
2014-02-01,1.468,
2014-02-02,1.522,
2014-02-03,1.443,
2014-02-04,1.41,
2014-02-05,1.358,
2014-02-06,1.319,
2014-02-07,1.422,
2014-02-08,1.381,
2014-02-09,1.336,
2014-02-10,1.286,
2014-02-11,1.254,
2014-02-12,1.202,
2014-02-13,1.155,
2014-02-14,1.177,
2014-02-15,1.176,
2014-02-16,1.187,
2014-02-17,1.14,
2014-02-18,1.079,
2014-02-19,1.025,
2014-02-20,1.025,
2014-02-21,0.92,
2014-02-22,0.867,
2014-02-23,0.979,
2014-02-24,1.018,
2014-02-25,1.083,
2014-02-26,1.078,
2014-02-27,1.071,
2014-02-28,1.078,
2014-03-01,1.069,
2014-03-02,1.08,
2014-03-03,1.078,
2014-03-04,1.02,
2014-03-05,1.015,
2014-03-06,1.076,
2014-03-07,1.035,
2014-03-08,1.051,
2014-03-09,1.091,
2014-03-10,1.09,
2014-03-11,1.078,
2014-03-12,1.156,
2014-03-13,1.267,
2014-03-14,1.292,
2014-03-15,1.111,
2014-03-16,1.1,
2014-03-17,1.149,
2014-03-18,1.259,
2014-03-19,1.25,
2014-03-20,1.291,
2014-03-21,1.259,
2014-03-22,1.262,
2014-03-23,1.23,
2014-03-24,1.272,
2014-03-25,1.334,
2014-03-26,1.336,
2014-03-27,1.311,
2014-03-28,1.267,
2014-03-29,1.233,
2014-03-30,1.205,
2014-03-31,1.243,
2014-04-01,1.367,
2014-04-02,1.239,
2014-04-03,1.258,
2014-04-04,1.207,
2014-04-05,1.195,
2014-04-06,1.227,
2014-04-07,1.207,
2014-04-08,1.184,
2014-04-09,1.221,
2014-04-10,1.219,
2014-04-11,1.173,
2014-04-12,1.152,
2014-04-13,1.148,
2014-04-14,1.143,
2014-04-15,1.156,
2014-04-16,1.088,
2014-04-17,1.115,
2014-04-18,1.109,
2014-04-19,1.13,
2014-04-20,1.1,
2014-04-21,1.049,
2014-04-22,1.074,
2014-04-23,1.059,
2014-04-24,1.063,
2014-04-25,1.066,
2014-04-26,1.067,
2014-04-27,1.056,
2014-04-28,1.029,
2014-04-29,1.029,
2014-04-30,1.029,
2014-05-01,1.016,
2014-05-02,0.96,
2014-05-03,0.986,
2014-05-04,1.012,
2014-05-05,0.97,
2014-05-06,0.972,
2014-05-07,1.094,
2014-05-08,1.114,
2014-05-09,0.992,
2014-05-10,0.925,
2014-05-11,0.872,
2014-05-12,0.837,
2014-05-13,0.916,
2014-05-14,0.927,
2014-05-15,0.944,
2014-05-16,0.887,
2014-05-17,0.873,
2014-05-18,0.928,
2014-05-19,0.931,
2014-05-20,0.936,
2014-05-21,0.989,
2014-05-22,0.995,
2014-05-23,0.893,
2014-05-24,0.93,
2014-05-25,0.946,
2014-05-26,0.929,
2014-05-27,0.948,
2014-05-28,0.907,
2014-05-29,0.87,
2014-05-30,0.9,
2014-05-31,0.874,
2014-06-01,0.878,
2014-06-02,0.829,
2014-06-03,0.893,
2014-06-04,0.845,
2014-06-05,0.821,
2014-06-06,0.838,
2014-06-07,0.802,
2014-06-08,0.824,
2014-06-09,0.819,
2014-06-10,0.812,
2014-06-11,0.797,
2014-06-12,0.803,
2014-06-13,0.877,
2014-06-14,0.931,
2014-06-15,0.909,
2014-06-16,0.93,
2014-06-17,0.777,
2014-06-18,0.766,
2014-06-19,0.743,
2014-06-20,0.587,
2014-06-21,0.59,
2014-06-22,0.581,
2014-06-23,0.555,
2014-06-24,0.57,
2014-06-25,0.604,
2014-06-26,0.679,
2014-06-27,0.7,
2014-06-28,0.736,
2014-06-29,0.696,
2014-06-30,0.694,
2014-07-01,0.839,
2014-07-02,0.568,
2014-07-03,0.681,
2014-07-04,0.733,
2014-07-05,0.781,
2014-07-06,0.822,
2014-07-07,0.87,
2014-07-08,0.871,
2014-07-09,0.887,
2014-07-10,0.856,
2014-07-11,0.868,
2014-07-12,0.931,
2014-07-13,0.979,
2014-07-14,1.011,
2014-07-15,1.083,
2014-07-16,1.055,
2014-07-17,0.993,
2014-07-18,0.978,
2014-07-19,0.995,
2014-07-20,0.903,
2014-07-21,0.994,
2014-07-22,0.979,
2014-07-23,1.072,
2014-07-24,1.064,
2014-07-25,1.1,
2014-07-26,1.116,
2014-07-27,1.178,
2014-07-28,1.157,
2014-07-29,1.201,
2014-07-30,1.241,
2014-07-31,1.241,
2014-08-01,1.23,
2014-08-02,1.352,
2014-08-03,1.277,
2014-08-04,1.209,
2014-08-05,1.068,
2014-08-06,1.137,
2014-08-07,1.239,
2014-08-08,1.258,
2014-08-09,1.257,
2014-08-10,1.305,
2014-08-11,1.296,
2014-08-12,1.318,
2014-08-13,1.36,
2014-08-14,1.409,
2014-08-15,1.373,
2014-08-16,1.376,
2014-08-17,1.065,
2014-08-18,1.174,
2014-08-19,1.318,
2014-08-20,1.361,
2014-08-21,1.394,
2014-08-22,1.388,
2014-08-23,1.396,
2014-08-24,1.44,
2014-08-25,1.464,
2014-08-26,1.526,
2014-08-27,1.534,
2014-08-28,1.541,
2014-08-29,1.517,
2014-08-30,1.539,
2014-08-31,1.511,
2014-09-01,1.617,
2014-09-02,1.612,
2014-09-03,1.742,
2014-09-04,1.695,
2014-09-05,1.527,
2014-09-06,1.597,
2014-09-07,1.637,
2014-09-08,1.654,
2014-09-09,1.684,
2014-09-10,1.745,
2014-09-11,1.584,
2014-09-12,1.483,
2014-09-13,1.462,
2014-09-14,1.493,
2014-09-15,1.511,
2014-09-16,1.546,
2014-09-17,1.543,
2014-09-18,1.581,
2014-09-19,1.514,
2014-09-20,1.455,
2014-09-21,1.513,
2014-09-22,1.505,
2014-09-23,1.548,
2014-09-24,1.549,
2014-09-25,1.657,
2014-09-26,1.558,
2014-09-27,1.498,
2014-09-28,1.589,
2014-09-29,1.543,
2014-09-30,1.519,
2014-10-01,1.581,
2014-10-02,1.646,
2014-10-03,1.634,
2014-10-04,1.648,
2014-10-05,1.633,
2014-10-06,1.693,
2014-10-07,1.729,
2014-10-08,1.691,
2014-10-09,1.694,
2014-10-10,1.636,
2014-10-11,1.652,
2014-10-12,1.687,
2014-10-13,1.685,
2014-10-14,1.783,
2014-10-15,1.734,
2014-10-16,1.737,
2014-10-17,1.62,
2014-10-18,1.605,
2014-10-19,1.528,
2014-10-20,1.531,
2014-10-21,1.551,
2014-10-22,1.646,
2014-10-23,1.669,
2014-10-24,1.783,
2014-10-25,1.821,
2014-10-26,1.528,
2014-10-27,1.481,
2014-10-28,1.535,
2014-10-29,1.575,
2014-10-30,1.882,
2014-10-31,1.512,
2014-11-01,1.523,
2014-11-02,1.502,
2014-11-03,1.507,
2014-11-04,1.561,
2014-11-05,1.58,
2014-11-06,1.567,
2014-11-07,1.585,
2014-11-08,1.663,
2014-11-09,1.565,
2014-11-10,1.564,
2014-11-11,1.559,
2014-11-12,1.156,
2014-11-13,1.204,
2014-11-14,1.263,
2014-11-15,1.295,
2014-11-16,1.341,
2014-11-17,1.291,
2014-11-18,1.378,
2014-11-19,1.363,
2014-11-20,1.326,
2014-11-21,1.249,
2014-11-22,1.254,
2014-11-23,1.246,
2014-11-24,1.217,
2014-11-25,1.36,
2014-11-26,1.403,
2014-11-27,1.391,
2014-11-28,1.404,
2014-11-29,2.054,
2014-11-30,1.558,
2014-12-01,1.139,
2014-12-02,1.268,
2014-12-03,1.438,
2014-12-04,1.565,
2014-12-05,1.671,
2014-12-06,1.788,
2014-12-07,1.674,
2014-12-08,1.625,
2014-12-09,1.648,
2014-12-10,1.639,
2014-12-11,1.715,
2014-12-12,1.644,
2014-12-13,1.681,
2014-12-14,1.687,
2014-12-15,1.642,
2014-12-16,1.598,
2014-12-17,1.62,
2014-12-18,1.614,
2014-12-19,1.634,
2014-12-20,1.503,
2014-12-21,1.56,
2014-12-22,1.493,
2014-12-23,1.552,
2014-12-24,1.472,
2014-12-25,1.648,
2014-12-26,1.722,
2014-12-27,1.759,
2014-12-28,1.86,
2014-12-29,1.819,
2014-12-30,1.873,
2014-12-31,1.916,
2015-01-01,1.818,
2015-01-02,1.881,
2015-01-03,1.979,
2015-01-04,2.029,
2015-01-05,2.041,
2015-01-06,2.101,
2015-01-07,2.206,
2015-01-08,2.155,
2015-01-09,2.181,
2015-01-10,2.413,
2015-01-11,2.487,
2015-01-12,2.465,
2015-01-13,2.547,
2015-01-14,2.598,
2015-01-15,2.65,
2015-01-16,2.466,
2015-01-17,2.421,
2015-01-18,2.401,
2015-01-19,2.37,
2015-01-20,2.371,
2015-01-21,2.384,
2015-01-22,2.33,
2015-01-23,2.451,
2015-01-24,2.498,
2015-01-25,2.284,
2015-01-26,2.222,
2015-01-27,2.257,
2015-01-28,2.365,
2015-01-29,2.238,
2015-01-30,2.273,
2015-01-31,2.338,
2015-02-01,2.195,
2015-02-02,2.187,
2015-02-03,2.245,
2015-02-04,2.28,
2015-02-05,2.237,
2015-02-06,2.189,
2015-02-07,2.295,
2015-02-08,2.137,
2015-02-09,2.204,
2015-02-10,2.252,
2015-02-11,2.185,
2015-02-12,2.118,
2015-02-13,2.119,
2015-02-14,2.209,
2015-02-15,2.148,
2015-02-16,2.112,
2015-02-17,2.124,
2015-02-18,2.198,
2015-02-19,2.19,
2015-02-20,2.18,
2015-02-21,2.247,
2015-02-22,2.263,
2015-02-23,2.267,
2015-02-24,2.297,
2015-02-25,2.274,
2015-02-26,2.325,
2015-02-27,2.185,
2015-02-28,2.249,
2015-03-01,2.247,
2015-03-02,2.291,
2015-03-03,2.308,
2015-03-04,2.288,
2015-03-05,2.248,
2015-03-06,2.237,
2015-03-07,2.219,
2015-03-08,2.178,
2015-03-09,2.162,
2015-03-10,2.188,
2015-03-11,2.171,
2015-03-12,2.229,
2015-03-13,2.15,
2015-03-14,2.15,
2015-03-15,2.036,
2015-03-16,1.969,
2015-03-17,2.161,
2015-03-18,2.199,
2015-03-19,2.222,
2015-03-20,2.214,
2015-03-21,2.228,
2015-03-22,2.241,
2015-03-23,2.213,
2015-03-24,2.246,
2015-03-25,2.283,
2015-03-26,2.289,
2015-03-27,2.29,
2015-03-28,2.303,
2015-03-29,2.2,
2015-03-30,2.21,
2015-03-31,2.257,
2015-04-01,2.258,
2015-04-02,2.364,
2015-04-03,2.453,
2015-04-04,2.382,
2015-04-05,2.392,
2015-04-06,2.413,
2015-04-07,2.502,
2015-04-08,2.513,
2015-04-09,2.479,
2015-04-10,2.567,
2015-04-11,2.483,
2015-04-12,2.411,
2015-04-13,2.394,
2015-04-14,2.306,
2015-04-15,2.305,
2015-04-16,2.018,
2015-04-17,2.079,
2015-04-18,2.196,
2015-04-19,2.208,
2015-04-20,2.101,
2015-04-21,2.137,
2015-04-22,2.159,
2015-04-23,2.131,
2015-04-24,2.07,
2015-04-25,2.029,
2015-04-26,1.952,
2015-04-27,1.862,
2015-04-28,1.896,
2015-04-29,1.906,
2015-04-30,1.888,
2015-05-01,1.905,
2015-05-02,1.816,
2015-05-03,1.74,
2015-05-04,1.613,
2015-05-05,1.636,
2015-05-06,1.663,
2015-05-07,1.623,
2015-05-08,1.563,
2015-05-09,1.567,
2015-05-10,1.51,
2015-05-11,1.475,
2015-05-12,1.537,
2015-05-13,1.548,
2015-05-14,1.531,
2015-05-15,1.53,
2015-05-16,1.559,
2015-05-17,1.493,
2015-05-18,1.493,
2015-05-19,1.536,
2015-05-20,1.497,
2015-05-21,1.505,
2015-05-22,1.483,
2015-05-23,1.499,
2015-05-24,1.452,
2015-05-25,1.432,
2015-05-26,1.409,
2015-05-27,0.954,
2015-05-28,1.108,
2015-05-29,1.192,
2015-05-30,1.284,
2015-05-31,1.275,
2015-06-01,1.286,
2015-06-02,1.314,
2015-06-03,1.33,
2015-06-04,1.348,
2015-06-05,1.218,
2015-06-06,1.252,
2015-06-07,1.263,
2015-06-08,1.244,
2015-06-09,1.297,
2015-06-10,1.265,
2015-06-11,1.188,
2015-06-12,1.039,
2015-06-13,1.041,
2015-06-14,0.994,
2015-06-15,0.995,
2015-06-16,1.024,
2015-06-17,1.025,
2015-06-18,1.046,
2015-06-19,1.046,
2015-06-20,1.061,
2015-06-21,0.997,
2015-06-22,1.033,
2015-06-23,1.18,
2015-06-24,1.242,
2015-06-25,1.274,
2015-06-26,1.289,
2015-06-27,1.301,
2015-06-28,1.201,
2015-06-29,1.272,
2015-06-30,1.307,
2015-07-01,1.34,
2015-07-02,1.363,
2015-07-03,1.341,
2015-07-04,1.351,
2015-07-05,1.33,
2015-07-06,1.315,
2015-07-07,1.354,
2015-07-08,1.333,
2015-07-09,1.362,
2015-07-10,1.388,
2015-07-11,1.395,
2015-07-12,1.387,
2015-07-13,1.374,
2015-07-14,1.381,
2015-07-15,1.408,
2015-07-16,1.388,
2015-07-17,1.397,
2015-07-18,1.411,
2015-07-19,1.396,
2015-07-20,1.401,
2015-07-21,1.401,
2015-07-22,1.435,
2015-07-23,1.406,
2015-07-24,1.411,
2015-07-25,1.417,
2015-07-26,1.415,
2015-07-27,1.42,
2015-07-28,1.401,
2015-07-29,1.392,
2015-07-30,1.383,
2015-07-31,1.355,
2015-08-01,1.339,
2015-08-02,1.342,
2015-08-03,1.341,
2015-08-04,1.385,
2015-08-05,1.412,
2015-08-06,1.408,
2015-08-07,1.382,
2015-08-08,1.388,
2015-08-09,1.399,
2015-08-10,1.426,
2015-08-11,1.433,
2015-08-12,1.407,
2015-08-13,1.412,
2015-08-14,1.375,
2015-08-15,1.132,
2015-08-16,1.138,
2015-08-17,1.163,
2015-08-18,1.209,
2015-08-19,1.237,
2015-08-20,1.198,
2015-08-21,1.154,
2015-08-22,1.208,
2015-08-23,1.11,
2015-08-24,1.13,
2015-08-25,1.329,
2015-08-26,1.424,
2015-08-27,1.471,
2015-08-28,1.515,
2015-08-29,1.521,
2015-08-30,1.556,
2015-08-31,1.588,
2015-09-01,1.596,
2015-09-02,1.644,
2015-09-03,1.6,
2015-09-04,1.61,
2015-09-05,1.672,
2015-09-06,1.619,
2015-09-07,1.623,
2015-09-08,1.629,
2015-09-09,1.668,
2015-09-10,1.714,
2015-09-11,1.66,
2015-09-12,1.634,
2015-09-13,1.653,
2015-09-14,1.664,
2015-09-15,1.683,
2015-09-16,1.683,
2015-09-17,1.687,
2015-09-18,1.745,
2015-09-19,2.087,
2015-09-20,2.198,
2015-09-21,2.126,
2015-09-22,2.147,
2015-09-23,2.147,
2015-09-24,2.093,
2015-09-25,2.055,
2015-09-26,2.028,
2015-09-27,1.961,
2015-09-28,1.908,
2015-09-29,1.863,
2015-09-30,1.789,
2015-10-01,1.83,
2015-10-02,1.865,
2015-10-03,1.869,
2015-10-04,1.811,
2015-10-05,1.815,
2015-10-06,1.866,
2015-10-07,1.832,
2015-10-08,1.861,
2015-10-09,1.864,
2015-10-10,1.903,
2015-10-11,1.851,
2015-10-12,1.85,
2015-10-13,1.842,
2015-10-14,1.788,
2015-10-15,1.762,
2015-10-16,1.728,
2015-10-17,1.746,
2015-10-18,1.716,
2015-10-19,1.713,
2015-10-20,1.778,
2015-10-21,1.576,
2015-10-22,1.521,
2015-10-23,1.528,
2015-10-24,1.588,
2015-10-25,1.594,
2015-10-26,1.567,
2015-10-27,1.596,
2015-10-28,1.568,
2015-10-29,1.555,
2015-10-30,1.529,
2015-10-31,1.516,
2015-11-01,1.399,
2015-11-02,1.374,
2015-11-03,1.529,
2015-11-04,1.615,
2015-11-05,1.639,
2015-11-06,1.694,
2015-11-07,1.705,
2015-11-08,1.702,
2015-11-09,1.668,
2015-11-10,1.667,
2015-11-11,1.709,
2015-11-12,1.648,
2015-11-13,1.696,
2015-11-14,1.693,
2015-11-15,1.659,
2015-11-16,1.627,
2015-11-17,1.659,
2015-11-18,1.638,
2015-11-19,1.634,
2015-11-20,1.662,
2015-11-21,1.726,
2015-11-22,1.666,
2015-11-23,1.638,
2015-11-24,1.705,
2015-11-25,1.62,
2015-11-26,1.375,
2015-11-27,1.297,
2015-11-28,1.31,
2015-11-29,1.264,
2015-11-30,1.249,
2015-12-01,1.316,
2015-12-02,1.448,
2015-12-03,1.6,
2015-12-04,1.662,
2015-12-05,1.709,
2015-12-06,1.75,
2015-12-07,1.831,
2015-12-08,1.842,
2015-12-09,1.826,
2015-12-10,2.107,
2015-12-11,2.153,
2015-12-12,2.145,
2015-12-13,2.025,
2015-12-14,2.024,
2015-12-15,2.015,
2015-12-16,2.022,
2015-12-17,1.925,
2015-12-18,1.92,
2015-12-19,1.861,
2015-12-20,1.724,
2015-12-21,1.694,
2015-12-22,1.655,
2015-12-23,1.315,
2015-12-24,1.29,
2015-12-25,1.413,
2015-12-26,1.46,
2015-12-27,1.456,
2015-12-28,1.473,
2015-12-29,1.468,
2015-12-30,1.428,
2015-12-31,1.414,
2016-01-01,1.368,
2016-01-02,1.331,
2016-01-03,1.301,
2016-01-04,1.309,
2016-01-05,1.523,
2016-01-06,1.591,
2016-01-07,1.627,
2016-01-08,1.625,
2016-01-09,1.651,
2016-01-10,1.69,
2016-01-11,1.761,
2016-01-12,1.731,
2016-01-13,1.757,
2016-01-14,1.672,
2016-01-15,1.651,
2016-01-16,1.677,
2016-01-17,1.645,
2016-01-18,1.603,
2016-01-19,1.661,
2016-01-20,1.678,
2016-01-21,1.681,
2016-01-22,1.751,
2016-01-23,1.73,
2016-01-24,1.72,
2016-01-25,1.734,
2016-01-26,1.758,
2016-01-27,1.784,
2016-01-28,1.715,
2016-01-29,1.667,
2016-01-30,1.71,
2016-01-31,1.713,
2016-02-01,1.725,
2016-02-02,1.705,
2016-02-03,1.697,
2016-02-04,1.665,
2016-02-05,1.63,
2016-02-06,1.406,
2016-02-07,1.367,
2016-02-08,1.33,
2016-02-09,1.336,
2016-02-10,1.343,
2016-02-11,1.347,
2016-02-12,1.398,
2016-02-13,1.525,
2016-02-14,1.627,
2016-02-15,1.664,
2016-02-16,1.641,
2016-02-17,1.661,
2016-02-18,1.354,
2016-02-19,1.567,
2016-02-20,1.662,
2016-02-21,1.668,
2016-02-22,1.653,
2016-02-23,1.74,
2016-02-24,1.708,
2016-02-25,1.676,
2016-02-26,1.618,
2016-02-27,1.614,
2016-02-28,1.606,
2016-02-29,1.586,
2016-03-01,1.52,
2016-03-02,1.579,
2016-03-03,1.606,
2016-03-04,1.59,
2016-03-05,1.588,
2016-03-06,1.583,
2016-03-07,1.561,
2016-03-08,1.531,
2016-03-09,1.519,
2016-03-10,1.672,
2016-03-11,1.745,
2016-03-12,1.86,
2016-03-13,1.927,
2016-03-14,1.883,
2016-03-15,1.903,
2016-03-16,1.97,
2016-03-17,1.945,
2016-03-18,1.912,
2016-03-19,1.963,
2016-03-20,1.959,
2016-03-21,1.956,
2016-03-22,1.979,
2016-03-23,1.959,
2016-03-24,1.918,
2016-03-25,1.878,
2016-03-26,1.8,
2016-03-27,1.754,
2016-03-28,1.829,
2016-03-29,1.804,
2016-03-30,1.827,
2016-03-31,1.932,
2016-04-01,2.022,
2016-04-02,2.145,
2016-04-03,1.908,
2016-04-04,1.943,
2016-04-05,2.08,
2016-04-06,2.116,
2016-04-07,2.163,
2016-04-08,2.232,
2016-04-09,2.282,
2016-04-10,2.279,
2016-04-11,2.204,
2016-04-12,2.161,
2016-04-13,2.139,
2016-04-14,2.128,
2016-04-15,2.148,
2016-04-16,2.189,
2016-04-17,2.12,
2016-04-18,2.112,
2016-04-19,2.144,
2016-04-20,2.186,
2016-04-21,2.225,
2016-04-22,2.224,
2016-04-23,2.226,
2016-04-24,2.19,
2016-04-25,2.14,
2016-04-26,2.19,
2016-04-27,2.143,
2016-04-28,2.199,
2016-04-29,2.356,
2016-04-30,2.576,
2016-05-01,2.612,
2016-05-02,2.569,
2016-05-03,2.543,
2016-05-04,2.477,
2016-05-05,2.459,
2016-05-06,2.442,
2016-05-07,2.348,
2016-05-08,2.276,
2016-05-09,2.29,
2016-05-10,2.353,
2016-05-11,2.309,
2016-05-12,2.285,
2016-05-13,2.272,
2016-05-14,2.302,
2016-05-15,2.286,
2016-05-16,2.165,
2016-05-17,2.065,
2016-05-18,2.03,
2016-05-19,1.979,
2016-05-20,1.995,
2016-05-21,2.042,
2016-05-22,2.006,
2016-05-23,2.02,
2016-05-24,2.013,
2016-05-25,2.0,
2016-05-26,1.93,
2016-05-27,1.891,
2016-05-28,1.92,
2016-05-29,1.887,
2016-05-30,1.93,
2016-05-31,1.946,
2016-06-01,1.917,
2016-06-02,1.961,
2016-06-03,1.955,
2016-06-04,1.906,
2016-06-05,1.855,
2016-06-06,1.774,
2016-06-07,1.769,
2016-06-08,1.823,
2016-06-09,1.814,
2016-06-10,1.854,
2016-06-11,1.886,
2016-06-12,1.864,
2016-06-13,1.858,
2016-06-14,1.865,
2016-06-15,1.817,
2016-06-16,1.887,
2016-06-17,2.116,
2016-06-18,2.222,
2016-06-19,2.249,
2016-06-20,2.201,
2016-06-21,2.187,
2016-06-22,1.986,
2016-06-23,1.803,
2016-06-24,1.584,
2016-06-25,1.533,
2016-06-26,1.539,
2016-06-27,1.626,
2016-06-28,1.691,
2016-06-29,1.696,
2016-06-30,1.703,
2016-07-01,1.688,
2016-07-02,1.688,
2016-07-03,1.668,
2016-07-04,1.751,
2016-07-05,2.037,
2016-07-06,2.086,
2016-07-07,2.115,
2016-07-08,2.169,
2016-07-09,2.192,
2016-07-10,2.011,
2016-07-11,2.03,
2016-07-12,2.138,
2016-07-13,2.243,
2016-07-14,2.074,
2016-07-15,2.109,
2016-07-16,2.166,
2016-07-17,2.14,
2016-07-18,2.147,
2016-07-19,2.165,
2016-07-20,2.107,
2016-07-21,2.075,
2016-07-22,2.068,
2016-07-23,2.05,
2016-07-24,2.032,
2016-07-25,2.002,
2016-07-26,2.057,
2016-07-27,2.086,
2016-07-28,2.131,
2016-07-29,2.1,
2016-07-30,2.102,
2016-07-31,2.109,
2016-08-01,2.101,
2016-08-02,2.095,
2016-08-03,2.1,
2016-08-04,2.038,
2016-08-05,1.996,
2016-08-06,1.955,
2016-08-07,1.907,
2016-08-08,1.876,
2016-08-09,1.906,
2016-08-10,1.824,
2016-08-11,1.841,
2016-08-12,1.905,
2016-08-13,1.947,
2016-08-14,1.894,
2016-08-15,1.93,
2016-08-16,1.952,
2016-08-17,1.966,
2016-08-18,1.978,
2016-08-19,2.02,
2016-08-20,2.118,
2016-08-21,2.138,
2016-08-22,2.102,
2016-08-23,2.094,
2016-08-24,2.042,
2016-08-25,2.031,
2016-08-26,2.083,
2016-08-27,2.08,
2016-08-28,2.12,
2016-08-29,2.171,
2016-08-30,2.135,
2016-08-31,2.171,
2016-09-01,2.19,
2016-09-02,2.192,
2016-09-03,2.151,
2016-09-04,2.13,
2016-09-05,2.129,
2016-09-06,2.152,
2016-09-07,2.091,
2016-09-08,2.154,
2016-09-09,2.144,
2016-09-10,2.148,
2016-09-11,2.147,
2016-09-12,2.141,
2016-09-13,2.1,
2016-09-14,2.127,
2016-09-15,2.151,
2016-09-16,2.133,
2016-09-17,2.147,
2016-09-18,2.154,
2016-09-19,2.165,
2016-09-20,2.163,
2016-09-21,2.159,
2016-09-22,2.148,
2016-09-23,2.006,
2016-09-24,2.021,
2016-09-25,2.037,
2016-09-26,2.086,
2016-09-27,2.187,
2016-09-28,2.167,
2016-09-29,2.149,
2016-09-30,2.17,
2016-10-01,2.193,
2016-10-02,2.186,
2016-10-03,2.139,
2016-10-04,2.173,
2016-10-05,2.182,
2016-10-06,2.158,
2016-10-07,2.131,
2016-10-08,2.14,
2016-10-09,2.083,
2016-10-10,2.098,
2016-10-11,2.156,
2016-10-12,2.145,
2016-10-13,2.129,
2016-10-14,2.123,
2016-10-15,2.123,
2016-10-16,2.078,
2016-10-17,2.054,
2016-10-18,2.039,
2016-10-19,2.044,
2016-10-20,2.047,
2016-10-21,2.038,
2016-10-22,2.063,
2016-10-23,2.092,
2016-10-24,2.071,
2016-10-25,2.016,
2016-10-26,2.021,
2016-10-27,1.996,
2016-10-28,1.885,
2016-10-29,1.916,
2016-10-30,1.838,
2016-10-31,1.804,
2016-11-01,1.853,
2016-11-02,1.973,
2016-11-03,2.089,
2016-11-04,2.116,
2016-11-05,2.184,
2016-11-06,2.192,
2016-11-07,2.163,
2016-11-08,2.246,
2016-11-09,2.225,
2016-11-10,2.369,
2016-11-11,2.275,
2016-11-12,2.284,
2016-11-13,2.269,
2016-11-14,2.198,
2016-11-15,2.215,
2016-11-16,2.219,
2016-11-17,2.189,
2016-11-18,2.23,
2016-11-19,2.27,
2016-11-20,2.235,
2016-11-21,2.386,
2016-11-22,2.137,
2016-11-23,2.064,
2016-11-24,1.858,
2016-11-25,1.841,
2016-11-26,1.876,
2016-11-27,1.888,
2016-11-28,1.879,
2016-11-29,2.019,
2016-11-30,2.259,
2016-12-01,2.396,
2016-12-02,2.416,
2016-12-03,2.414,
2016-12-04,2.382,
2016-12-05,2.385,
2016-12-06,2.335,
2016-12-07,2.315,
2016-12-08,2.32,
2016-12-09,2.368,
2016-12-10,2.384,
2016-12-11,2.359,
2016-12-12,2.38,
2016-12-13,2.279,
2016-12-14,2.242,
2016-12-15,2.084,
2016-12-16,2.063,
2016-12-17,2.053,
2016-12-18,2.094,
2016-12-19,2.038,
2016-12-20,1.962,
2016-12-21,2.024,
2016-12-22,2.078,
2016-12-23,1.899,
2016-12-24,2.024,
2016-12-25,2.117,
2016-12-26,2.123,
2016-12-27,2.066,
2016-12-28,2.139,
2016-12-29,2.197,
2016-12-30,2.136,
2016-12-31,2.122,
2017-01-01,2.136,
2017-01-02,2.193,
2017-01-03,2.259,
2017-01-04,2.229,
2017-01-05,2.249,
2017-01-06,2.342,
2017-01-07,2.372,
2017-01-08,2.421,
2017-01-09,2.451,
2017-01-10,2.448,
2017-01-11,2.39,
2017-01-12,2.371,
2017-01-13,2.369,
2017-01-14,2.481,
2017-01-15,2.546,
2017-01-16,2.539,
2017-01-17,2.583,
2017-01-18,2.558,
2017-01-19,2.516,
2017-01-20,2.448,
2017-01-21,2.515,
2017-01-22,2.561,
2017-01-23,2.725,
2017-01-24,2.719,
2017-01-25,2.738,
2017-01-26,2.901,
2017-01-27,2.886,
2017-01-28,2.974,
2017-01-29,2.902,
2017-01-30,2.946,
2017-01-31,2.961,
2017-02-01,2.841,
2017-02-02,2.866,
2017-02-03,2.883,
2017-02-04,2.951,
2017-02-05,2.992,
2017-02-06,2.921,
2017-02-07,2.948,
2017-02-08,2.95,
2017-02-09,2.913,
2017-02-10,2.974,
2017-02-11,3.161,
2017-02-12,3.058,
2017-02-13,3.041,
2017-02-14,3.071,
2017-02-15,2.905,
2017-02-16,2.989,
2017-02-17,2.972,
2017-02-18,2.942,
2017-02-19,2.857,
2017-02-20,2.818,
2017-02-21,2.852,
2017-02-22,2.947,
2017-02-23,2.914,
2017-02-24,2.892,
2017-02-25,3.076,
2017-02-26,3.031,
2017-02-27,2.94,
2017-02-28,3.001,
2017-03-01,3.002,
2017-03-02,3.059,
2017-03-03,3.056,
2017-03-04,3.056,
2017-03-05,3.063,
2017-03-06,3.066,
2017-03-07,3.086,
2017-03-08,3.055,
2017-03-09,3.054,
2017-03-10,3.046,
2017-03-11,3.175,
2017-03-12,3.225,
2017-03-13,3.197,
2017-03-14,3.193,
2017-03-15,3.316,
2017-03-16,3.326,
2017-03-17,3.58,
2017-03-18,3.676,
2017-03-19,3.579,
2017-03-20,3.556,
2017-03-21,3.63,
2017-03-22,3.642,
2017-03-23,3.517,
2017-03-24,3.433,
2017-03-25,3.367,
2017-03-26,3.202,
2017-03-27,3.074,
2017-03-28,3.117,
2017-03-29,3.147,
2017-03-30,3.099,
2017-03-31,3.148,
2017-04-01,3.181,
2017-04-02,3.165,
2017-04-03,3.152,
2017-04-04,3.227,
2017-04-05,3.273,
2017-04-06,3.166,
2017-04-07,3.223,
2017-04-08,3.218,
2017-04-09,3.212,
2017-04-10,3.132,
2017-04-11,3.129,
2017-04-12,3.129,
2017-04-13,3.171,
2017-04-14,3.203,
2017-04-15,3.252,
2017-04-16,3.264,
2017-04-17,3.28,
2017-04-18,3.322,
2017-04-19,3.248,
2017-04-20,3.216,
2017-04-21,3.19,
2017-04-22,3.217,
2017-04-23,3.212,
2017-04-24,3.224,
2017-04-25,3.211,
2017-04-26,3.262,
2017-04-27,3.255,
2017-04-28,3.258,
2017-04-29,3.276,
2017-04-30,3.273,
2017-05-01,3.582,
2017-05-02,3.249,
2017-05-03,3.253,
2017-05-04,3.343,
2017-05-05,3.245,
2017-05-06,3.263,
2017-05-07,3.223,
2017-05-08,3.223,
2017-05-09,3.255,
2017-05-10,3.264,
2017-05-11,3.292,
2017-05-12,3.295,
2017-05-13,3.304,
2017-05-14,3.267,
2017-05-15,3.335,
2017-05-16,3.419,
2017-05-17,3.498,
2017-05-18,3.384,
2017-05-19,3.416,
2017-05-20,3.391,
2017-05-21,3.339,
2017-05-22,3.474,
2017-05-23,3.397,
2017-05-24,2.846,
2017-05-25,3.113,
2017-05-26,3.254,
2017-05-27,3.294,
2017-05-28,3.323,
2017-05-29,3.311,
2017-05-30,3.193,
2017-05-31,3.165,
2017-06-01,3.3,
2017-06-02,3.38,
2017-06-03,3.466,
2017-06-04,3.447,
2017-06-05,3.451,
2017-06-06,3.375,
2017-06-07,3.306,
2017-06-08,3.325,
2017-06-09,3.34,
2017-06-10,3.3,
2017-06-11,3.275,
2017-06-12,3.174,
2017-06-13,3.19,
2017-06-14,3.177,
2017-06-15,3.056,
2017-06-16,3.104,
2017-06-17,3.108,
2017-06-18,3.055,
2017-06-19,3.065,
2017-06-20,3.057,
2017-06-21,3.063,
2017-06-22,2.862,
2017-06-23,2.583,
2017-06-24,2.636,
2017-06-25,2.624,
2017-06-26,2.607,
2017-06-27,2.65,
2017-06-28,2.699,
2017-06-29,2.718,
2017-06-30,2.784,
2017-07-01,2.872,
2017-07-02,2.711,
2017-07-03,2.81,
2017-07-04,2.807,
2017-07-05,2.894,
2017-07-06,2.974,
2017-07-07,2.964,
2017-07-08,2.963,
2017-07-09,3.0,
2017-07-10,3.007,
2017-07-11,2.993,
2017-07-12,3.116,
2017-07-13,3.112,
2017-07-14,3.107,
2017-07-15,3.16,
2017-07-16,3.12,
2017-07-17,3.261,
2017-07-18,3.314,
2017-07-19,3.361,
2017-07-20,3.417,
2017-07-21,3.45,
2017-07-22,3.461,
2017-07-23,3.997,
2017-07-24,3.3,
2017-07-25,3.529,
2017-07-26,3.546,
2017-07-27,3.511,
2017-07-28,3.619,
2017-07-29,3.615,
2017-07-30,3.495,
2017-07-31,3.542,
2017-08-01,3.55,
2017-08-02,3.663,
2017-08-03,3.683,
2017-08-04,3.712,
2017-08-05,3.666,
2017-08-06,3.605,
2017-08-07,3.637,
2017-08-08,3.62,
2017-08-09,3.668,
2017-08-10,3.623,
2017-08-11,3.648,
2017-08-12,3.587,
2017-08-13,3.596,
2017-08-14,3.555,
2017-08-15,3.559,
2017-08-16,3.579,
2017-08-17,3.435,
2017-08-18,3.491,
2017-08-19,3.439,
2017-08-20,3.396,
2017-08-21,3.452,
2017-08-22,3.433,
2017-08-23,3.432,
2017-08-24,3.411,
2017-08-25,3.466,
2017-08-26,3.454,
2017-08-27,3.378,
2017-08-28,3.416,
2017-08-29,3.459,
2017-08-30,3.416,
2017-08-31,3.463,
2017-09-01,3.367,
2017-09-02,3.487,
2017-09-03,3.516,
2017-09-04,3.778,
2017-09-05,3.504,
2017-09-06,3.566,
2017-09-07,3.549,
2017-09-08,3.636,
2017-09-09,3.624,
2017-09-10,5.232,
2017-09-11,3.527,
2017-09-12,3.541,
2017-09-13,3.429,
2017-09-14,3.389,
2017-09-15,3.655,
2017-09-16,3.717,
2017-09-17,3.555,
2017-09-18,3.531,
2017-09-19,3.537,
2017-09-20,3.681,
2017-09-21,3.613,
2017-09-22,3.435,
2017-09-23,3.403,
2017-09-24,3.398,
2017-09-25,3.392,
2017-09-26,3.41,
2017-09-27,3.274,
2017-09-28,3.233,
2017-09-29,3.41,
2017-09-30,3.222,
2017-10-01,3.152,
2017-10-02,3.663,
2017-10-03,3.112,
2017-10-04,3.154,
2017-10-05,3.056,
2017-10-06,3.1,
2017-10-07,3.128,
2017-10-08,3.103,
2017-10-09,3.044,
2017-10-10,3.095,
2017-10-11,3.058,
2017-10-12,3.111,
2017-10-13,3.082,
2017-10-14,3.137,
2017-10-15,3.197,
2017-10-16,3.178,
2017-10-17,3.144,
2017-10-18,3.119,
2017-10-19,3.113,
2017-10-20,3.104,
2017-10-21,3.19,
2017-10-22,3.122,
2017-10-23,3.123,
2017-10-24,3.019,
2017-10-25,3.04,
2017-10-26,2.887,
2017-10-27,2.85,
2017-10-28,2.875,
2017-10-29,2.814,
2017-10-30,2.851,
2017-10-31,2.875,
2017-11-01,2.769,
2017-11-02,2.92,
2017-11-03,2.932,
2017-11-04,2.925,
2017-11-05,2.881,
2017-11-06,2.725,
2017-11-07,2.864,
2017-11-08,2.808,
2017-11-09,2.781,
2017-11-10,2.731,
2017-11-11,2.724,
2017-11-12,2.805,
2017-11-13,2.796,
2017-11-14,2.68,
2017-11-15,2.674,
2017-11-16,2.747,
2017-11-17,2.737,
2017-11-18,2.727,
2017-11-19,2.74,
2017-11-20,2.676,
2017-11-21,2.686,
2017-11-22,2.66,
2017-11-23,2.357,
2017-11-24,2.401,
2017-11-25,2.406,
2017-11-26,2.441,
2017-11-27,2.425,
2017-11-28,2.505,
2017-11-29,2.577,
2017-11-30,2.553,
2017-12-01,2.638,
2017-12-02,2.765,
2017-12-03,2.764,
2017-12-04,2.787,
2017-12-05,2.803,
2017-12-06,2.845,
2017-12-07,2.983,
2017-12-08,2.87,
2017-12-09,2.965,
2017-12-10,2.966,
2017-12-11,2.881,
2017-12-12,2.952,
2017-12-13,2.913,
2017-12-14,2.981,
2017-12-15,3.025,
2017-12-16,3.256,
2017-12-17,3.019,
2017-12-18,3.061,
2017-12-19,3.064,
2017-12-20,2.989,
2017-12-21,2.905,
2017-12-22,2.819,
2017-12-23,2.844,
2017-12-24,2.909,
2017-12-25,3.126,
2017-12-26,3.251,
2017-12-27,3.345,
2017-12-28,3.342,
2017-12-29,3.393,
2017-12-30,3.301,
2017-12-31,3.24,
2018-01-01,3.232,
2018-01-02,3.204,
2018-01-03,3.224,
2018-01-04,3.241,
2018-01-05,3.351,
2018-01-06,3.439,
2018-01-07,3.474,
2018-01-08,3.539,
2018-01-09,3.581,
2018-01-10,3.58,
2018-01-11,3.578,
2018-01-12,3.643,
2018-01-13,3.802,
2018-01-14,3.843,
2018-01-15,3.791,
2018-01-16,3.887,
2018-01-17,3.817,
2018-01-18,3.747,
2018-01-19,3.86,
2018-01-20,3.995,
2018-01-21,3.943,
2018-01-22,3.921,
2018-01-23,3.891,
2018-01-24,3.921,
2018-01-25,3.901,
2018-01-26,3.911,
2018-01-27,3.806,
2018-01-28,3.81,
2018-01-29,3.89,
2018-01-30,3.811,
2018-01-31,3.872,
2018-02-01,3.898,
2018-02-02,3.915,
2018-02-03,4.009,
2018-02-04,3.872,
2018-02-05,3.938,
2018-02-06,3.889,
2018-02-07,3.86,
2018-02-08,3.815,
2018-02-09,3.891,
2018-02-10,3.836,
2018-02-11,3.821,
2018-02-12,3.798,
2018-02-13,4.406,
2018-02-14,3.831,
2018-02-15,3.864,
2018-02-16,3.898,
2018-02-17,4.11,
2018-02-18,3.991,
2018-02-19,4.015,
2018-02-20,4.034,
2018-02-21,4.022,
2018-02-22,4.053,
2018-02-23,3.989,
2018-02-24,4.016,
2018-02-25,3.994,
2018-02-26,4.014,
2018-02-27,3.98,
2018-02-28,3.965,
2018-03-01,3.894,
2018-03-02,3.857,
2018-03-03,3.913,
2018-03-04,3.893,
2018-03-05,3.926,
2018-03-06,4.039,
2018-03-07,3.94,
2018-03-08,3.963,
2018-03-09,3.945,
2018-03-10,3.93,
2018-03-11,3.879,
2018-03-12,4.228,
2018-03-13,3.836,
2018-03-14,3.718,
2018-03-15,3.78,
2018-03-16,3.763,
2018-03-17,3.805,
2018-03-18,3.704,
2018-03-19,3.693,
2018-03-20,3.665,
2018-03-21,3.688,
2018-03-22,3.614,
2018-03-23,3.666,
2018-03-24,3.603,
2018-03-25,3.462,
2018-03-26,3.424,
2018-03-27,3.533,
2018-03-28,3.368,
2018-03-29,3.416,
2018-03-30,3.184,
2018-03-31,3.253,
2018-04-01,3.31,
2018-04-02,3.46,
2018-04-03,3.497,
2018-04-04,3.48,
2018-04-05,3.49,
2018-04-06,3.464,
2018-04-07,3.572,
2018-04-08,3.477,
2018-04-09,3.77,
2018-04-10,3.466,
2018-04-11,3.466,
2018-04-12,3.407,
2018-04-13,3.478,
2018-04-14,3.517,
2018-04-15,3.483,
2018-04-16,3.502,
2018-04-17,3.381,
2018-04-18,3.507,
2018-04-19,3.499,
2018-04-20,3.452,
2018-04-21,3.432,
2018-04-22,3.426,
2018-04-23,3.478,
2018-04-24,3.491,
2018-04-25,3.483,
2018-04-26,3.413,
2018-04-27,3.441,
2018-04-28,3.478,
2018-04-29,3.481,
2018-04-30,3.532,
2018-05-01,3.482,
2018-05-02,4.153,
2018-05-03,3.507,
2018-05-04,3.615,
2018-05-05,3.605,
2018-05-06,3.619,
2018-05-07,3.56,
2018-05-08,3.545,
2018-05-09,3.339,
2018-05-10,3.416,
2018-05-11,3.36,
2018-05-12,3.5,
2018-05-13,3.59,
2018-05-14,3.478,
2018-05-15,3.475,
2018-05-16,3.446,
2018-05-17,3.582,
2018-05-18,3.336,
2018-05-19,3.281,
2018-05-20,3.369,
2018-05-21,3.384,
2018-05-22,3.88,
2018-05-23,3.353,
2018-05-24,3.3,
2018-05-25,3.356,
2018-05-26,3.309,
2018-05-27,6.152,
2018-05-28,3.279,
2018-05-29,3.31,
2018-05-30,3.829,
2018-05-31,3.32,
2018-06-01,3.307,
2018-06-02,3.442,
2018-06-03,3.384,
2018-06-04,3.649,
2018-06-05,3.322,
2018-06-06,3.34,
2018-06-07,3.334,
2018-06-08,3.323,
2018-06-09,3.24,
2018-06-10,3.119,
2018-06-11,3.156,
2018-06-12,3.206,
2018-06-13,3.16,
2018-06-14,2.853,
2018-06-15,2.992,
2018-06-16,3.015,
2018-06-17,2.984,
2018-06-18,3.087,
2018-06-19,3.082,
2018-06-20,3.01,
2018-06-21,2.989,
2018-06-22,2.673,
2018-06-23,2.665,
2018-06-24,2.582,
2018-06-25,2.609,
2018-06-26,2.669,
2018-06-27,2.816,
2018-06-28,2.704,
2018-06-29,2.899,
2018-06-30,2.79,
2018-07-01,2.771,
2018-07-02,2.723,
2018-07-03,2.781,
2018-07-04,2.777,
2018-07-05,2.852,
2018-07-06,3.147,
2018-07-07,3.238,
2018-07-08,3.31,
2018-07-09,3.328,
2018-07-10,3.339,
2018-07-11,3.371,
2018-07-12,3.959,
2018-07-13,3.418,
2018-07-14,3.431,
2018-07-15,3.509,
2018-07-16,3.494,
2018-07-17,3.546,
2018-07-18,3.508,
2018-07-19,3.371,
2018-07-20,3.441,
2018-07-21,3.458,
2018-07-22,3.546,
2018-07-23,3.534,
2018-07-24,3.589,
2018-07-25,3.553,
2018-07-26,3.884,
2018-07-27,3.571,
2018-07-28,3.505,
2018-07-29,3.565,
2018-07-30,3.713,
2018-07-31,3.717,
2018-08-01,3.912,
2018-08-02,3.745,
2018-08-03,3.813,
2018-08-04,4.142,
2018-08-05,4.377,
2018-08-06,4.332,
2018-08-07,4.218,
2018-08-08,4.239,
2018-08-09,4.143,
2018-08-10,4.105,
2018-08-11,4.026,
2018-08-12,4.055,
2018-08-13,3.965,
2018-08-14,3.825,
2018-08-15,3.875,
2018-08-16,3.832,
2018-08-17,3.857,
2018-08-18,3.946,
2018-08-19,3.851,
2018-08-20,3.889,
2018-08-21,3.988,
2018-08-22,4.034,
2018-08-23,3.957,
2018-08-24,4.066,
2018-08-25,4.181,
2018-08-26,4.128,
2018-08-27,4.166,
2018-08-28,4.083,
2018-08-29,4.145,
2018-08-30,3.908,
2018-08-31,3.865,
2018-09-01,4.033,
2018-09-02,3.954,
2018-09-03,4.134,
2018-09-04,3.959,
2018-09-05,4.079,
2018-09-06,4.229,
2018-09-07,4.189,
2018-09-08,4.373,
2018-09-09,4.438,
2018-09-10,4.349,
2018-09-11,4.222,
2018-09-12,4.322,
2018-09-13,4.48,
2018-09-14,4.573,
2018-09-15,4.525,
2018-09-16,4.711,
2018-09-17,4.585,
2018-09-18,4.507,
2018-09-19,4.61,
2018-09-20,4.497,
2018-09-21,4.585,
2018-09-22,4.605,
2018-09-23,4.598,
2018-09-24,4.716,
2018-09-25,4.997,
2018-09-26,4.647,
2018-09-27,4.79,
2018-09-28,4.764,
2018-09-29,4.72,
2018-09-30,4.756,
2018-10-01,4.792,
2018-10-02,4.773,
2018-10-03,4.648,
2018-10-04,4.719,
2018-10-05,4.976,
2018-10-06,4.811,
2018-10-07,4.899,
2018-10-08,4.863,
2018-10-09,5.249,
2018-10-10,4.879,
2018-10-11,5.276,
2018-10-12,4.875,
2018-10-13,4.905,
2018-10-14,4.977,
2018-10-15,4.967,
2018-10-16,4.926,
2018-10-17,4.843,
2018-10-18,4.641,
2018-10-19,4.758,
2018-10-20,4.83,
2018-10-21,4.756,
2018-10-22,4.728,
2018-10-23,4.694,
2018-10-24,4.619,
2018-10-25,4.52,
2018-10-26,4.404,
2018-10-27,4.435,
2018-10-28,4.406,
2018-10-29,4.397,
2018-10-30,4.227,
2018-10-31,4.181,
2018-11-01,4.129,
2018-11-02,4.284,
2018-11-03,4.61,
2018-11-04,4.496,
2018-11-05,4.754,
2018-11-06,4.739,
2018-11-07,4.547,
2018-11-08,4.588,
2018-11-09,4.727,
2018-11-10,4.544,
2018-11-11,4.694,
2018-11-12,4.517,
2018-11-13,4.476,
2018-11-14,4.556,
2018-11-15,4.577,
2018-11-16,4.577,
2018-11-17,4.794,
2018-11-18,5.399,
2018-11-19,4.554,
2018-11-20,4.435,
2018-11-21,4.47,
2018-11-22,4.009,
2018-11-23,4.132,
2018-11-24,4.186,
2018-11-25,4.216,
2018-11-26,4.246,
2018-11-27,4.282,
2018-11-28,4.627,
2018-11-29,4.794,
2018-11-30,4.364,
2018-12-01,4.4,
2018-12-02,4.607,
2018-12-03,4.512,
2018-12-04,4.513,
2018-12-05,4.521,
2018-12-06,4.554,
2018-12-07,4.449,
2018-12-08,4.481,
2018-12-09,4.94,
2018-12-10,4.419,
2018-12-11,4.569,
2018-12-12,4.451,
2018-12-13,4.485,
2018-12-14,5.138,
2018-12-15,4.475,
2018-12-16,4.52,
2018-12-17,4.415,
2018-12-18,4.628,
2018-12-19,4.362,
2018-12-20,4.269,
2018-12-21,4.14,
2018-12-22,4.161,
2018-12-23,4.055,
2018-12-24,4.171,
2018-12-25,4.422,
2018-12-26,4.563,
2018-12-27,4.616,
2018-12-28,4.753,
2018-12-29,4.66,
2018-12-30,4.275,
2018-12-31,4.442,
2019-01-01,4.48,
2019-01-02,4.579,
2019-01-03,4.654,
2019-01-04,4.821,
2019-01-05,5.18,
2019-01-06,5.146,
2019-01-07,4.93,
2019-01-08,5.079,
2019-01-09,5.156,
2019-01-10,5.218,
2019-01-11,5.319,
2019-01-12,5.236,
2019-01-13,5.255,
2019-01-14,5.284,
2019-01-15,5.356,
2019-01-16,5.211,
2019-01-17,5.232,
2019-01-18,5.189,
2019-01-19,5.242,
2019-01-20,5.242,
2019-01-21,5.381,
2019-01-22,5.237,
2019-01-23,5.658,
2019-01-24,5.442,
2019-01-25,5.382,
2019-01-26,5.365,
2019-01-27,5.319,
2019-01-28,5.34,
2019-01-29,5.399,
2019-01-30,5.591,
2019-01-31,5.606,
2019-02-01,5.627,
2019-02-02,5.477,
2019-02-03,5.515,
2019-02-04,5.377,
2019-02-05,5.107,
2019-02-06,5.082,
2019-02-07,4.886,
2019-02-08,5.205,
2019-02-09,4.959,
2019-02-10,4.961,
2019-02-11,4.79,
2019-02-12,4.769,
2019-02-13,5.004,
2019-02-14,5.163,
2019-02-15,5.111,
2019-02-16,5.181,
2019-02-17,5.024,
2019-02-18,4.942,
2019-02-19,5.051,
2019-02-20,5.056,
2019-02-21,4.958,
2019-02-22,5.154,
2019-02-23,5.187,
2019-02-24,5.179,
2019-02-25,5.214,
2019-02-26,5.899,
2019-02-27,5.303,
2019-02-28,5.366,
2019-03-01,5.184,
2019-03-02,5.796,
2019-03-03,5.241,
2019-03-04,5.407,
2019-03-05,5.261,
2019-03-06,5.377,
2019-03-07,5.375,
2019-03-08,5.506,
2019-03-09,5.556,
2019-03-10,5.423,
2019-03-11,5.502,
2019-03-12,5.551,
2019-03-13,5.615,
2019-03-14,5.484,
2019-03-15,5.758,
2019-03-16,5.722,
2019-03-17,5.534,
2019-03-18,5.482,
2019-03-19,5.526,
2019-03-20,5.5,
2019-03-21,5.276,
2019-03-22,5.332,
2019-03-23,5.121,
2019-03-24,5.234,
2019-03-25,5.073,
2019-03-26,5.047,
2019-03-27,5.0,
2019-03-28,4.982,
2019-03-29,4.907,
2019-03-30,5.063,
2019-03-31,5.112,
2019-04-01,5.112,
2019-04-02,4.912,
2019-04-03,5.155,
2019-04-04,5.081,
2019-04-05,5.141,
2019-04-06,5.006,
2019-04-07,5.444,
2019-04-08,5.079,
2019-04-09,5.05,
2019-04-10,5.054,
2019-04-11,5.031,
2019-04-12,5.37,
2019-04-13,5.087,
2019-04-14,5.017,
2019-04-15,5.158,
2019-04-16,5.041,
2019-04-17,5.165,
2019-04-18,5.045,
2019-04-19,5.181,
2019-04-20,5.121,
2019-04-21,5.043,
2019-04-22,5.194,
2019-04-23,5.086,
2019-04-24,5.158,
2019-04-25,5.054,
2019-04-26,5.196,
2019-04-27,5.204,
2019-04-28,5.215,
2019-04-29,5.707,
2019-04-30,5.397,
2019-05-01,4.907,
2019-05-02,4.91,
2019-05-03,4.927,
2019-05-04,4.916,
2019-05-05,4.907,
2019-05-06,4.959,
2019-05-07,4.684,
2019-05-08,4.564,
2019-05-09,4.552,
2019-05-10,4.632,
2019-05-11,4.868,
2019-05-12,7.892,
2019-05-13,4.548,
2019-05-14,4.688,
2019-05-15,4.684,
2019-05-16,4.655,
2019-05-17,4.766,
2019-05-18,4.837,
2019-05-19,4.782,
2019-05-20,4.839,
2019-05-21,4.859,
2019-05-22,4.667,
2019-05-23,4.795,
2019-05-24,4.802,
2019-05-25,4.877,
2019-05-26,4.91,
2019-05-27,4.911,
2019-05-28,4.94,
2019-05-29,5.266,
2019-05-30,4.936,
2019-05-31,4.903,
2019-06-01,4.89,
2019-06-02,5.073,
2019-06-03,4.933,
2019-06-04,5.057,
2019-06-05,5.076,
2019-06-06,5.129,
2019-06-07,4.988,
2019-06-08,5.125,
2019-06-09,5.1,
2019-06-10,5.049,
2019-06-11,5.129,
2019-06-12,4.972,
2019-06-13,5.023,
2019-06-14,5.208,
2019-06-15,5.469,
2019-06-16,5.038,
2019-06-17,5.322,
2019-06-18,6.287,
2019-06-19,5.174,
2019-06-20,5.254,
2019-06-21,5.113,
2019-06-22,5.194,
2019-06-23,5.122,
2019-06-24,5.282,
2019-06-25,5.077,
2019-06-26,4.621,
2019-06-27,4.663,
2019-06-28,4.587,
2019-06-29,4.695,
2019-06-30,4.655,
2019-07-01,4.706,
2019-07-02,4.799,
2019-07-03,4.809,
2019-07-04,4.831,
2019-07-05,4.84,
2019-07-06,4.855,
2019-07-07,4.893,
2019-07-08,4.976,
2019-07-09,5.119,
2019-07-10,5.527,
2019-07-11,5.216,
2019-07-12,5.45,
2019-07-13,6.531,
2019-07-14,5.442,
2019-07-15,5.545,
2019-07-16,5.549,
2019-07-17,5.661,
2019-07-18,5.776,
2019-07-19,5.695,
2019-07-20,5.875,
2019-07-21,5.726,
2019-07-22,5.667,
2019-07-23,5.676,
2019-07-24,5.685,
2019-07-25,5.534,
2019-07-26,5.543,
2019-07-27,5.585,
2019-07-28,5.882,
2019-07-29,5.436,
2019-07-30,7.327,
2019-07-31,5.48,
2019-08-01,5.483,
2019-08-02,5.746,
2019-08-03,6.013,
2019-08-04,6.014,
2019-08-05,6.147,
2019-08-06,6.215,
2019-08-07,6.219,
2019-08-08,6.057,
2019-08-09,6.173,
2019-08-10,6.127,
2019-08-11,6.937,
2019-08-12,6.348,
2019-08-13,6.186,
2019-08-14,6.081,
2019-08-15,6.026,
2019-08-16,6.08,
2019-08-17,6.184,
2019-08-18,6.254,
2019-08-19,6.048,
2019-08-20,6.119,
2019-08-21,6.002,
2019-08-22,6.139,
2019-08-23,6.058,
2019-08-24,6.085,
2019-08-25,6.071,
2019-08-26,6.117,
2019-08-27,6.191,
2019-08-28,7.072,
2019-08-29,6.296,
2019-08-30,6.403,
2019-08-31,6.434,
2019-09-01,6.519,
2019-09-02,6.645,
2019-09-03,6.52,
2019-09-04,6.59,
2019-09-05,6.789,
2019-09-06,6.786,
2019-09-07,6.873,
2019-09-08,6.678,
2019-09-09,6.328,
2019-09-10,6.468,
2019-09-11,6.784,
2019-09-12,6.515,
2019-09-13,6.641,
2019-09-14,6.632,
2019-09-15,6.831,
2019-09-16,6.89,
2019-09-17,6.929,
2019-09-18,7.374,
2019-09-19,7.447,
2019-09-20,7.381,
2019-09-21,7.492,
2019-09-22,7.008,
2019-09-23,7.344,
2019-09-24,7.395,
2019-09-25,7.215,
2019-09-26,7.25,
2019-09-27,7.164,
2019-09-28,11.396,
2019-09-29,7.225,
2019-09-30,7.14,
2019-10-01,7.223,
2019-10-02,7.066,
2019-10-03,7.26,
2019-10-04,7.36,
2019-10-05,7.261,
2019-10-06,6.964,
2019-10-07,6.944,
2019-10-08,7.426,
2019-10-09,7.117,
2019-10-10,7.17,
2019-10-11,7.549,
2019-10-12,7.695,
2019-10-13,7.487,
2019-10-14,7.181,
2019-10-15,7.386,
2019-10-16,7.639,
2019-10-17,7.258,
2019-10-18,7.243,
2019-10-19,7.363,
2019-10-20,7.123,
2019-10-21,6.94,
2019-10-22,7.643,
2019-10-23,6.997,
2019-10-24,6.982,
2019-10-25,7.262,
2019-10-26,6.901,
2019-10-27,6.77,
2019-10-28,9.161,
2019-10-29,6.75,
2019-10-30,6.721,
2019-10-31,6.715,
2019-11-01,6.825,
2019-11-02,7.032,
2019-11-03,6.966,
2019-11-04,7.145,
2019-11-05,7.14,
2019-11-06,7.217,
2019-11-07,7.166,
2019-11-08,7.3,
2019-11-09,7.446,
2019-11-10,7.34,
2019-11-11,7.149,
2019-11-12,7.62,
2019-11-13,7.094,
2019-11-14,7.243,
2019-11-15,7.301,
2019-11-16,6.962,
2019-11-17,8.143,
2019-11-18,6.96,
2019-11-19,5.382,
2019-11-20,5.024,
2019-11-21,5.25,
2019-11-22,5.418,
2019-11-23,5.568,
2019-11-24,5.499,
2019-11-25,5.44,
2019-11-26,5.441,
2019-11-27,5.104,
2019-11-28,5.429,
2019-11-29,5.371,
2019-11-30,5.577,
2019-12-01,5.439,
2019-12-02,5.489,
2019-12-03,5.585,
2019-12-04,5.6,
2019-12-05,5.631,
2019-12-06,5.692,
2019-12-07,5.63,
2019-12-08,5.717,
2019-12-09,5.701,
2019-12-10,5.737,
2019-12-11,5.866,
2019-12-12,5.746,
2019-12-13,5.799,
2019-12-14,5.769,
2019-12-15,5.812,
2019-12-16,6.062,
2019-12-17,5.861,
2019-12-18,5.96,
2019-12-19,5.637,
2019-12-20,5.565,
2019-12-21,5.567,
2019-12-22,5.537,
2019-12-23,5.606,
2019-12-24,5.757,
2019-12-25,5.906,
2019-12-26,5.94,
2019-12-27,6.203,
2019-12-28,6.133,
2019-12-29,6.198,
2019-12-30,6.041,
2019-12-31,6.233,
2020-01-01,6.216,
2020-01-02,6.171,
2020-01-03,6.658,
2020-01-04,6.542,
2020-01-05,6.457,
2020-01-06,6.361,
2020-01-07,6.686,
2020-01-08,6.775,
2020-01-09,7.978,
2020-01-10,6.616,
2020-01-11,6.638,
2020-01-12,6.801,
2020-01-13,6.933,
2020-01-14,6.848,
2020-01-15,6.498,
2020-01-16,6.683,
2020-01-17,6.888,
2020-01-18,6.738,
2020-01-19,6.731,
2020-01-20,6.481,
2020-01-21,6.522,
2020-01-22,6.432,
2020-01-23,6.456,
2020-01-24,6.264,
2020-01-25,6.208,
2020-01-26,6.651,
2020-01-27,6.149,
2020-01-28,6.322,
2020-01-29,7.076,
2020-01-30,6.39,
2020-01-31,6.415,
2020-02-01,6.44,
2020-02-02,6.42,
2020-02-03,6.603,
2020-02-04,6.308,
2020-02-05,6.438,
2020-02-06,6.761,
2020-02-07,6.553,
2020-02-08,6.491,
2020-02-09,6.743,
2020-02-10,6.626,
2020-02-11,6.614,
2020-02-12,6.564,
2020-02-13,6.445,
2020-02-14,6.574,
2020-02-15,6.55,
2020-02-16,6.548,
2020-02-17,6.581,
2020-02-18,8.44,
2020-02-19,6.604,
2020-02-20,6.279,
2020-02-21,6.442,
2020-02-22,6.798,
2020-02-23,6.406,
2020-02-24,6.475,
2020-02-25,6.366,
2020-02-26,6.316,
2020-02-27,6.471,
2020-02-28,6.224,
2020-02-29,6.319,
2020-03-01,6.214,
2020-03-02,6.379,
2020-03-03,6.477,
2020-03-04,6.472,
2020-03-05,6.683,
2020-03-06,6.719,
2020-03-07,6.839,
2020-03-08,6.706,
2020-03-09,6.78,
2020-03-10,6.819,
2020-03-11,6.764,
2020-03-12,6.515,
2020-03-13,6.57,
2020-03-14,7.272,
2020-03-15,6.44,
2020-03-16,6.291,
2020-03-17,6.381,
2020-03-18,6.335,
2020-03-19,6.067,
2020-03-20,6.057,
2020-03-21,6.112,
2020-03-22,5.991,
2020-03-23,6.009,
2020-03-24,5.839,
2020-03-25,5.77,
2020-03-26,5.913,
2020-03-27,5.802,
2020-03-28,5.928,
2020-03-29,6.202,
2020-03-30,5.988,
2020-03-31,5.578,
2020-04-01,5.948,
2020-04-02,6.207,
2020-04-03,6.298,
2020-04-04,6.506,
2020-04-05,6.213,
2020-04-06,6.23,
2020-04-07,6.204,
2020-04-08,6.389,
2020-04-09,6.437,
2020-04-10,6.375,
2020-04-11,6.577,
2020-04-12,6.643,
2020-04-13,6.599,
2020-04-14,6.947,
2020-04-15,6.857,
2020-04-16,6.759,
2020-04-17,6.75,
2020-04-18,6.602,
2020-04-19,6.651,
2020-04-20,6.636,
2020-04-21,6.722,
2020-04-22,6.714,
2020-04-23,6.72,
2020-04-24,6.461,
2020-04-25,6.668,
2020-04-26,6.5,
2020-04-27,6.373,
2020-04-28,6.53,
2020-04-29,6.532,
2020-04-30,6.491,
2020-05-01,6.317,
2020-05-02,6.471,
2020-05-03,6.445,
2020-05-04,6.445,
2020-05-05,6.477,
2020-05-06,6.55,
2020-05-07,6.64,
2020-05-08,6.715,
2020-05-09,6.514,
2020-05-10,6.56,
2020-05-11,6.756,
2020-05-12,6.504,
2020-05-13,6.5,
2020-05-14,6.644,
2020-05-15,6.528,
2020-05-16,6.446,
2020-05-17,6.727,
2020-05-18,7.915,
2020-05-19,6.639,
2020-05-20,6.685,
2020-05-21,6.731,
2020-05-22,8.127,
2020-05-23,6.664,
2020-05-24,6.42,
2020-05-25,6.392,
2020-05-26,6.049,
2020-05-27,6.207,
2020-05-28,6.402,
2020-05-29,6.409,
2020-05-30,6.407,
2020-05-31,6.324,
2020-06-01,6.459,
2020-06-02,6.475,
2020-06-03,7.467,
2020-06-04,6.503,
2020-06-05,6.408,
2020-06-06,6.456,
2020-06-07,6.577,
2020-06-08,6.625,
2020-06-09,6.365,
2020-06-10,6.439,
2020-06-11,6.589,
2020-06-12,6.439,
2020-06-13,6.438,
2020-06-14,6.384,
2020-06-15,6.288,
2020-06-16,6.277,
2020-06-17,6.553,
2020-06-18,6.477,
2020-06-19,5.976,
2020-06-20,6.125,
2020-06-21,6.005,
2020-06-22,6.025,
2020-06-23,6.039,
2020-06-24,6.005,
2020-06-25,5.695,
2020-06-26,5.59,
2020-06-27,5.684,
2020-06-28,5.707,
2020-06-29,5.655,
2020-06-30,5.625,
2020-07-01,6.009,
2020-07-02,5.875,
2020-07-03,5.839,
2020-07-04,5.887,
2020-07-05,5.828,
2020-07-06,5.887,
2020-07-07,5.865,
2020-07-08,5.891,
2020-07-09,5.993,
2020-07-10,6.011,
2020-07-11,6.177,
2020-07-12,6.033,
2020-07-13,6.155,
2020-07-14,6.443,
2020-07-15,6.264,
2020-07-16,6.21,
2020-07-17,6.385,
2020-07-18,6.552,
2020-07-19,6.464,
2020-07-20,6.346,
2020-07-21,6.541,
2020-07-22,6.674,
2020-07-23,6.674,
2020-07-24,6.682,
2020-07-25,6.74,
2020-07-26,7.057,
2020-07-27,6.941,
2020-07-28,6.833,
2020-07-29,7.269,
2020-07-30,6.622,
2020-07-31,6.602,
2020-08-01,6.65,
2020-08-02,6.739,
2020-08-03,6.816,
2020-08-04,6.837,
2020-08-05,6.799,
2020-08-06,6.905,
2020-08-07,7.092,
2020-08-08,7.245,
2020-08-09,6.948,
2020-08-10,6.917,
2020-08-11,6.916,
2020-08-12,7.079,
2020-08-13,6.883,
2020-08-14,7.328,
2020-08-15,6.984,
2020-08-16,6.752,
2020-08-17,6.65,
2020-08-18,6.558,
2020-08-19,7.564,
2020-08-20,6.541,
2020-08-21,6.74,
2020-08-22,6.642,
2020-08-23,6.532,
2020-08-24,6.493,
2020-08-25,6.389,
2020-08-26,6.455,
2020-08-27,7.512,
2020-08-28,6.857,
2020-08-29,6.988,
2020-08-30,6.33,
2020-08-31,6.237,
2020-09-01,6.14,
2020-09-02,6.94,
2020-09-03,6.242,
2020-09-04,6.504,
2020-09-05,6.185,
2020-09-06,6.17,
2020-09-07,6.2,
2020-09-08,6.968,
2020-09-09,6.098,
2020-09-10,6.027,
2020-09-11,6.062,
2020-09-12,5.963,
2020-09-13,5.914,
2020-09-14,6.067,
2020-09-15,6.091,
2020-09-16,6.064,
2020-09-17,6.558,
2020-09-18,5.997,
2020-09-19,6.231,
2020-09-20,6.111,
2020-09-21,6.174,
2020-09-22,6.286,
2020-09-23,6.296,
2020-09-24,6.193,
2020-09-25,6.035,
2020-09-26,6.278,
2020-09-27,6.429,
2020-09-28,6.374,
2020-09-29,6.332,
2020-09-30,6.534,
2020-10-01,6.432,
2020-10-02,6.529,
2020-10-03,6.54,
2020-10-04,6.539,
2020-10-05,6.477,
2020-10-06,6.54,
2020-10-07,6.408,
2020-10-08,6.697,
2020-10-09,6.616,
2020-10-10,7.334,
2020-10-11,6.582,
2020-10-12,6.579,
2020-10-13,6.616,
2020-10-14,6.47,
2020-10-15,6.646,
2020-10-16,6.477,
2020-10-17,6.462,
2020-10-18,6.432,
2020-10-19,6.738,
2020-10-20,6.307,
2020-10-21,6.422,
2020-10-22,6.481,
2020-10-23,6.506,
2020-10-24,6.36,
2020-10-25,6.393,
2020-10-26,6.946,
2020-10-27,6.264,
2020-10-28,6.507,
2020-10-29,7.166,
2020-10-30,6.124,
2020-10-31,6.226,
2020-11-01,6.3,
2020-11-02,6.388,
2020-11-03,6.286,
2020-11-04,6.356,
2020-11-05,6.395,
2020-11-06,6.791,
2020-11-07,6.65,
2020-11-08,6.45,
2020-11-09,6.407,
2020-11-10,7.259,
2020-11-11,6.503,
2020-11-12,6.618,
2020-11-13,6.517,
2020-11-14,6.496,
2020-11-15,6.557,
2020-11-16,6.526,
2020-11-17,6.47,
2020-11-18,6.508,
2020-11-19,6.669,
2020-11-20,6.578,
2020-11-21,6.638,
2020-11-22,6.597,
2020-11-23,6.753,
2020-11-24,6.576,
2020-11-25,6.43,
2020-11-26,5.978,
2020-11-27,6.1,
2020-11-28,6.006,
2020-11-29,6.037,
2020-11-30,6.097,
2020-12-01,6.021,
2020-12-02,6.366,
2020-12-03,6.413,
2020-12-04,5.198,
2020-12-05,5.57,
2020-12-06,5.76,
2020-12-07,5.91,
2020-12-08,5.74,
2020-12-09,5.773,
2020-12-10,5.772,
2020-12-11,5.94,
2020-12-12,5.915,
2020-12-13,6.277,
2020-12-14,5.992,
2020-12-15,6.099,
2020-12-16,7.065,
2020-12-17,6.317,
2020-12-18,6.348,
2020-12-19,6.484,
2020-12-20,6.441,
2020-12-21,6.642,
2020-12-22,6.6,
2020-12-23,6.413,
2020-12-24,6.688,
2020-12-25,6.768,
2020-12-26,6.941,
2020-12-27,7.074,
2020-12-28,6.902,
2020-12-29,7.064,
2020-12-30,7.099,
2020-12-31,7.214,
2021-01-01,7.064,
2021-01-02,7.15,
2021-01-03,7.1,
2021-01-04,7.221,
2021-01-05,7.297,
2021-01-06,7.59,
2021-01-07,7.492,
2021-01-08,7.537,
2021-01-09,7.855,
2021-01-10,7.704,
2021-01-11,7.819,
2021-01-12,7.651,
2021-01-13,7.942,
2021-01-14,7.987,
2021-01-15,7.776,
2021-01-16,8.069,
2021-01-17,7.789,
2021-01-18,7.917,
2021-01-19,7.933,
2021-01-20,7.853,
2021-01-21,8.005,
2021-01-22,7.903,
2021-01-23,7.98,
2021-01-24,7.889,
2021-01-25,8.218,
2021-01-26,7.899,
2021-01-27,7.801,
2021-01-28,7.426,
2021-01-29,7.643,
2021-01-30,7.61,
2021-01-31,7.797,
2021-02-01,7.879,
2021-02-02,7.624,
2021-02-03,7.613,
2021-02-04,7.705,
2021-02-05,7.703,
2021-02-06,7.795,
2021-02-07,7.755,
2021-02-08,7.761,
2021-02-09,7.885,
2021-02-10,7.66,
2021-02-11,7.675,
2021-02-12,7.216,
2021-02-13,7.219,
2021-02-14,7.258,
2021-02-15,7.395,
2021-02-16,7.395,
2021-02-17,7.534,
2021-02-18,8.233,
2021-02-19,7.791,
2021-02-20,7.768,
2021-02-21,7.773,
2021-02-22,7.953,
2021-02-23,7.89,
2021-02-24,7.905,
2021-02-25,7.956,
2021-02-26,8.161,
2021-02-27,8.171,
2021-02-28,8.052,
2021-03-01,8.022,
2021-03-02,8.257,
2021-03-03,8.304,
2021-03-04,8.297,
2021-03-05,8.459,
2021-03-06,9.328,
2021-03-07,8.727,
2021-03-08,8.544,
2021-03-09,8.598,
2021-03-10,8.449,
2021-03-11,8.508,
2021-03-12,8.515,
2021-03-13,8.422,
2021-03-14,8.524,
2021-03-15,8.638,
2021-03-16,8.572,
2021-03-17,8.547,
2021-03-18,8.462,
2021-03-19,8.353,
2021-03-20,8.346,
2021-03-21,8.346,
2021-03-22,8.618,
2021-03-23,8.591,
2021-03-24,8.582,
2021-03-25,8.782,
2021-03-26,8.537,
2021-03-27,8.489,
2021-03-28,8.575,
2021-03-29,8.898,
2021-03-30,9.469,
2021-03-31,8.668,
2021-04-01,8.679,
2021-04-02,8.664,
2021-04-03,8.896,
2021-04-04,9.245,
2021-04-05,9.031,
2021-04-06,9.273,
2021-04-07,8.355,
2021-04-08,7.794,
2021-04-09,7.549,
2021-04-10,7.723,
2021-04-11,7.808,
2021-04-12,7.631,
2021-04-13,7.863,
2021-04-14,8.98,
2021-04-15,10.183,
2021-04-16,7.998,
2021-04-17,8.564,
2021-04-18,7.953,
2021-04-19,7.88,
2021-04-20,7.742,
2021-04-21,7.687,
2021-04-22,7.788,
2021-04-23,7.664,
2021-04-24,7.803,
2021-04-25,7.891,
2021-04-26,8.03,
2021-04-27,7.585,
2021-04-28,7.625,
2021-04-29,7.76,
2021-04-30,7.696,
2021-05-01,7.659,
2021-05-02,7.571,
2021-05-03,7.76,
2021-05-04,8.047,
2021-05-05,8.073,
2021-05-06,8.091,
2021-05-07,8.124,
2021-05-08,8.021,
2021-05-09,7.886,
2021-05-10,8.049,
2021-05-11,8.041,
2021-05-12,8.004,
2021-05-13,7.94,
2021-05-14,8.763,
2021-05-15,8.246,
2021-05-16,8.105,
2021-05-17,8.269,
2021-05-18,8.444,
2021-05-19,8.196,
2021-05-20,8.237,
2021-05-21,7.923,
2021-05-22,8.076,
2021-05-23,8.153,
2021-05-24,8.025,
2021-05-25,7.97,
2021-05-26,8.097,
2021-05-27,8.045,
2021-05-28,8.045,
2021-05-29,8.069,
2021-05-30,7.913,
2021-05-31,7.986,
2021-06-01,8.093,
2021-06-02,7.901,
2021-06-03,8.001,
2021-06-04,7.826,
2021-06-05,7.896,
2021-06-06,7.846,
2021-06-07,7.998,
2021-06-08,7.834,
2021-06-09,7.76,
2021-06-10,7.952,
2021-06-11,8.143,
2021-06-12,7.871,
2021-06-13,7.713,
2021-06-14,7.563,
2021-06-15,7.842,
2021-06-16,7.805,
2021-06-17,7.86,
2021-06-18,7.719,
2021-06-19,7.511,
2021-06-20,7.652,
2021-06-21,8.07,
2021-06-22,7.498,
2021-06-23,7.545,
2021-06-24,7.036,
2021-06-25,6.651,
2021-06-26,6.606,
2021-06-27,6.73,
2021-06-28,6.837,
2021-06-29,6.728,
2021-06-30,6.677,
2021-07-01,6.726,
2021-07-02,6.673,
2021-07-03,6.702,
2021-07-04,7.02,
2021-07-05,6.783,
2021-07-06,6.485,
2021-07-07,6.486,
2021-07-08,6.424,
2021-07-09,6.425,
2021-07-10,6.292,
2021-07-11,6.803,
2021-07-12,6.326,
2021-07-13,6.315,
2021-07-14,6.231,
2021-07-15,6.362,
2021-07-16,6.486,
2021-07-17,6.469,
2021-07-18,6.356,
2021-07-19,7.331,
2021-07-20,6.436,
2021-07-21,6.568,
2021-07-22,6.542,
2021-07-23,6.612,
2021-07-24,6.761,
2021-07-25,6.6,
2021-07-26,6.658,
2021-07-27,6.638,
2021-07-28,6.683,
2021-07-29,6.712,
2021-07-30,6.935,
2021-07-31,6.94,
2021-08-01,6.762,
2021-08-02,6.638,
2021-08-03,6.504,
2021-08-04,6.634,
2021-08-05,6.44,
2021-08-06,6.632,
2021-08-07,6.68,
2021-08-08,6.35,
2021-08-09,6.232,
2021-08-10,6.098,
2021-08-11,6.086,
2021-08-12,6.256,
2021-08-13,6.055,
2021-08-14,5.99,
2021-08-15,6.062,
2021-08-16,5.958,
2021-08-17,5.764,
2021-08-18,5.846,
2021-08-19,5.784,
2021-08-20,5.894,
2021-08-21,5.798,
2021-08-22,5.836,
2021-08-23,6.23,
2021-08-24,6.055,
2021-08-25,6.373,
2021-08-26,5.87,
2021-08-27,5.966,
2021-08-28,5.894,
2021-08-29,5.911,
2021-08-30,5.896,
2021-08-31,6.2,
2021-09-01,6.273,
2021-09-02,7.494,
2021-09-03,5.944,
2021-09-04,6.067,
2021-09-05,6.201,
2021-09-06,6.526,
2021-09-07,7.982,
2021-09-08,5.964,
2021-09-09,5.812,
2021-09-10,5.594,
2021-09-11,5.757,
2021-09-12,5.965,
2021-09-13,5.8,
2021-09-14,6.017,
2021-09-15,5.659,
2021-09-16,5.727,
2021-09-17,5.499,
2021-09-18,5.465,
2021-09-19,5.649,
2021-09-20,6.134,
2021-09-21,5.51,
2021-09-22,4.738,
2021-09-23,4.625,
2021-09-24,4.601,
2021-09-25,5.015,
2021-09-26,5.383,
2021-09-27,5.129,
2021-09-28,5.081,
2021-09-29,4.993,
2021-09-30,5.254,
2021-10-01,5.348,
2021-10-02,5.412,
2021-10-03,5.211,
2021-10-04,5.265,
2021-10-05,5.536,
2021-10-06,5.562,
2021-10-07,5.374,
2021-10-08,5.339,
2021-10-09,5.443,
2021-10-10,6.322,
2021-10-11,7.986,
2021-10-12,5.509,
2021-10-13,5.546,
2021-10-14,5.438,
2021-10-15,5.449,
2021-10-16,5.385,
2021-10-17,5.31,
2021-10-18,5.346,
2021-10-19,5.417,
2021-10-20,5.652,
2021-10-21,5.471,
2021-10-22,4.928,
2021-10-23,5.0,
2021-10-24,4.892,
2021-10-25,6.769,
2021-10-26,5.257,
2021-10-27,5.786,
2021-10-28,5.36,
2021-10-29,5.235,
2021-10-30,5.207,
2021-10-31,5.369,
2021-11-01,5.365,
2021-11-02,5.453,
2021-11-03,5.555,
2021-11-04,6.074,
2021-11-05,5.972,
2021-11-06,5.749,
2021-11-07,5.643,
2021-11-08,5.783,
2021-11-09,5.719,
2021-11-10,5.306,
2021-11-11,5.335,
2021-11-12,5.396,
2021-11-13,5.546,
2021-11-14,5.461,
2021-11-15,5.507,
2021-11-16,6.094,
2021-11-17,5.723,
2021-11-18,5.876,
2021-11-19,5.559,
2021-11-20,5.718,
2021-11-21,9.522,
2021-11-22,5.686,
2021-11-23,7.082,
2021-11-24,5.76,
2021-11-25,5.524,
2021-11-26,5.427,
2021-11-27,5.503,
2021-11-28,5.438,
2021-11-29,5.616,
2021-11-30,5.408,
2021-12-01,5.417,
2021-12-02,5.639,
2021-12-03,5.819,
2021-12-04,5.974,
2021-12-05,5.952,
2021-12-06,6.156,
2021-12-07,6.28,
2021-12-08,6.275,
2021-12-09,6.497,
2021-12-10,6.487,
2021-12-11,6.841,
2021-12-12,6.557,
2021-12-13,6.529,
2021-12-14,6.517,
2021-12-15,6.198,
2021-12-16,6.319,
2021-12-17,6.199,
2021-12-18,6.309,
2021-12-19,6.29,
2021-12-20,6.591,
2021-12-21,6.508,
2021-12-22,6.42,
2021-12-23,6.436,
2021-12-24,6.754,
2021-12-25,7.058,
2021-12-26,6.78,
2021-12-27,6.809,
2021-12-28,7.066,
2021-12-29,6.996,
2021-12-30,7.203,
2021-12-31,7.144,
2022-01-01,7.332,
2022-01-02,7.116,
2022-01-03,7.182,
2022-01-04,7.218,
2022-01-05,7.139,
2022-01-06,8.039,
2022-01-07,7.246,
2022-01-08,7.403,
2022-01-09,7.554,
2022-01-10,7.681,
2022-01-11,7.262,
2022-01-12,7.39,
2022-01-13,7.305,
2022-01-14,7.345,
2022-01-15,7.365,
2022-01-16,7.68,
2022-01-17,7.443,
2022-01-18,7.493,
2022-01-19,7.311,
2022-01-20,11.07,
2022-01-21,7.729,
2022-01-22,7.585,
2022-01-23,7.406,
2022-01-24,9.13,
2022-01-25,7.42,
2022-01-26,7.355,
2022-01-27,7.317,
2022-01-28,7.051,
2022-01-29,6.864,
2022-01-30,6.892,
2022-01-31,7.036,
2022-02-01,7.286,
2022-02-02,8.38,
2022-02-03,7.207,
2022-02-04,7.122,
2022-02-05,7.326,
2022-02-06,7.564,
2022-02-07,7.646,
2022-02-08,8.516,
2022-02-09,8.018,
2022-02-10,7.46,
2022-02-11,7.533,
2022-02-12,7.292,
2022-02-13,7.179,
2022-02-14,7.297,
2022-02-15,7.274,
2022-02-16,11.434,
2022-02-17,7.351,
2022-02-18,7.449,
2022-02-19,7.244,
2022-02-20,7.883,
2022-02-21,7.554,
2022-02-22,7.49,
2022-02-23,7.399,
2022-02-24,7.35,
2022-02-25,7.344,
2022-02-26,7.481,
2022-02-27,7.661,
2022-02-28,8.603,
2022-03-01,7.574,
2022-03-02,8.065,
2022-03-03,7.577,
2022-03-04,8.124,
2022-03-05,7.756,
2022-03-06,7.776,
2022-03-07,7.618,
2022-03-08,10.127,
2022-03-09,7.313,
2022-03-10,7.522,
2022-03-11,7.799,
2022-03-12,7.694,
2022-03-13,7.962,
2022-03-14,7.893,
2022-03-15,7.919,
2022-03-16,7.883,
2022-03-17,7.871,
2022-03-18,7.808,
2022-03-19,7.706,
2022-03-20,7.731,
2022-03-21,8.998,
2022-03-22,8.229,
2022-03-23,7.63,
2022-03-24,7.82,
2022-03-25,7.615,
2022-03-26,7.544,
2022-03-27,7.881,
2022-03-28,7.581,
2022-03-29,7.317,
2022-03-30,8.041,
2022-03-31,7.944,
2022-04-01,7.497,
2022-04-02,7.866,
2022-04-03,7.9,
2022-04-04,7.763,
2022-04-05,10.053,
2022-04-06,7.643,
2022-04-07,7.942,
2022-04-08,8.032,
2022-04-09,8.083,
2022-04-10,7.895,
2022-04-11,8.151,
2022-04-12,7.952,
2022-04-13,7.904,
2022-04-14,7.654,
2022-04-15,7.652,
2022-04-16,8.262,
2022-04-17,8.021,
2022-04-18,7.91,
2022-04-19,7.979,
2022-04-20,7.886,
2022-04-21,7.79,
2022-04-22,7.818,
2022-04-23,7.838,
2022-04-24,8.369,
2022-04-25,8.431,
2022-04-26,8.046,
2022-04-27,8.017,
2022-04-28,11.267,
2022-04-29,9.055,
2022-04-30,8.95,
2022-05-01,8.82,
2022-05-02,7.76,
2022-05-03,8.03,
2022-05-04,8.177,
2022-05-05,7.678,
2022-05-06,7.938,
2022-05-07,8.237,
2022-05-08,8.433,
2022-05-09,7.976,
2022-05-10,13.194,
2022-05-11,12.67,
2022-05-12,8.262,
2022-05-13,7.721,
2022-05-14,7.688,
2022-05-15,8.551,
2022-05-16,18.713,
2022-05-17,7.749,
2022-05-18,7.68,
2022-05-19,8.21,
2022-05-20,7.667,
2022-05-21,7.834,
2022-05-22,7.815,
2022-05-23,7.549,
2022-05-24,8.666,
2022-05-25,9.226,
2022-05-26,7.825,
2022-05-27,7.761,
2022-05-28,8.157,
2022-05-29,10.18,
2022-05-30,20.163,
2022-05-31,8.457,
2022-06-01,8.368,
2022-06-02,8.252,
2022-06-03,10.302,
2022-06-04,7.753,
2022-06-05,8.582,
2022-06-06,7.896,
2022-06-07,14.563,
2022-06-08,7.759,
2022-06-09,9.469,
2022-06-10,8.117,
2022-06-11,7.683,
2022-06-12,7.761,
2022-06-13,7.734,
2022-06-14,7.587,
2022-06-15,7.496,
2022-06-16,7.559,
2022-06-17,7.326,
2022-06-18,8.806,
2022-06-19,7.525,
2022-06-20,7.317,
2022-06-21,7.383,
2022-06-22,7.359,
2022-06-23,7.335,
2022-06-24,7.691,
2022-06-25,7.092,
2022-06-26,6.936,
2022-06-27,6.895,
2022-06-28,6.902,
2022-06-29,6.956,
2022-06-30,7.048,
2022-07-01,7.059,
2022-07-02,7.249,
2022-07-03,7.414,
2022-07-04,7.231,
2022-07-05,12.992,
2022-07-06,7.096,
2022-07-07,7.169,
2022-07-08,9.613,
2022-07-09,7.163,
2022-07-10,12.107,
2022-07-11,7.379,
2022-07-12,7.054,
2022-07-13,7.492,
2022-07-14,6.996,
2022-07-15,7.126,
2022-07-16,8.34,
2022-07-17,7.226,
2022-07-18,7.501,
2022-07-19,7.267,
2022-07-20,9.113,
2022-07-21,7.486,
2022-07-22,7.276,
2022-07-23,9.252,
2022-07-24,7.562,
2022-07-25,7.741,
2022-07-26,8.119,
2022-07-27,7.671,
2022-07-28,8.659,
2022-07-29,7.781,
2022-07-30,7.84,
2022-07-31,8.072,
2022-08-01,7.743,
2022-08-02,7.99,
2022-08-03,7.981,
2022-08-04,8.315,
2022-08-05,7.918,
2022-08-06,8.051,
2022-08-07,7.604,
2022-08-08,7.698,
2022-08-09,7.519,
2022-08-10,7.549,
2022-08-11,7.706,
2022-08-12,8.318,
2022-08-13,8.202,
2022-08-14,7.999,
2022-08-15,10.376,
2022-08-16,22.476,
2022-08-17,7.438,
2022-08-18,7.657,
2022-08-19,7.57,
2022-08-20,7.729,
2022-08-21,11.985,
2022-08-22,7.774,
2022-08-23,7.743,
2022-08-24,7.513,
2022-08-25,8.042,
2022-08-26,7.668,
2022-08-27,8.926,
2022-08-28,7.803,
2022-08-29,7.653,
2022-08-30,7.77,
2022-08-31,7.531,
2022-09-01,7.635,
2022-09-02,7.277,
2022-09-03,7.527,
2022-09-04,7.456,
2022-09-05,7.586,
2022-09-06,13.229,
2022-09-07,7.78,
2022-09-08,8.075,
2022-09-09,7.677,
2022-09-10,7.476,
2022-09-11,7.419,
2022-09-12,7.715,
2022-09-13,8.076,
2022-09-14,7.251,
2022-09-15,7.313,
2022-09-16,7.061,
2022-09-17,7.448,
2022-09-18,7.41,
2022-09-19,7.27,
2022-09-20,7.624,
2022-09-21,7.048,
2022-09-22,7.081,
2022-09-23,7.138,
2022-09-24,6.988,
2022-09-25,7.479,
2022-09-26,7.115,
2022-09-27,7.525,
2022-09-28,7.353,
2022-09-29,7.301,
2022-09-30,7.038,
2022-10-01,8.179,
2022-10-02,7.094,
2022-10-03,7.373,
2022-10-04,7.151,
2022-10-05,7.425,
2022-10-06,8.36,
2022-10-07,7.658,
2022-10-08,7.282,
2022-10-09,7.387,
2022-10-10,7.433,
2022-10-11,7.448,
2022-10-12,9.499,
2022-10-13,7.833,
2022-10-14,7.433,
2022-10-15,8.047,
2022-10-16,7.474,
2022-10-17,8.275,
2022-10-18,10.6,
2022-10-19,8.193,
2022-10-20,7.56,
2022-10-21,7.794,
2022-10-22,6.853,
2022-10-23,7.172,
2022-10-24,6.656,
2022-10-25,6.931,
2022-10-26,6.685,
2022-10-27,7.85,
2022-10-28,7.668,
2022-10-29,6.709,
2022-10-30,6.861,
2022-10-31,9.088,
2022-11-01,9.012,
2022-11-02,7.248,
2022-11-03,7.055,
2022-11-04,9.56,
2022-11-05,7.561,
2022-11-06,7.889,
2022-11-07,7.21,
2022-11-08,7.429,
2022-11-09,7.651,
2022-11-10,10.336,
2022-11-11,7.442,
2022-11-12,8.164,
2022-11-13,9.456,
2022-11-14,7.562,
2022-11-15,7.603,
2022-11-16,7.345,
2022-11-17,8.703,
2022-11-18,7.507,
2022-11-19,7.306,
2022-11-20,8.786,
2022-11-21,6.96,
2022-11-22,6.838,
2022-11-23,6.754,
2022-11-24,6.618,
2022-11-25,6.504,
2022-11-26,6.353,
2022-11-27,6.4,
2022-11-28,7.551,
2022-11-29,6.501,
2022-11-30,6.775,
2022-12-01,6.796,
2022-12-02,7.968,
2022-12-03,7.313,
2022-12-04,7.22,
2022-12-05,7.287,
2022-12-06,7.147,
2022-12-07,8.051,
2022-12-08,7.016,
2022-12-09,7.047,
2022-12-10,7.144,
2022-12-11,8.068,
2022-12-12,7.22,
2022-12-13,8.435,
2022-12-14,7.046,
2022-12-15,7.012,
2022-12-16,7.014,
2022-12-17,6.965,
2022-12-18,11.693,
2022-12-19,7.176,
2022-12-20,7.017,
2022-12-21,7.169,
2022-12-22,7.385,
2022-12-23,7.154,
2022-12-24,7.207,
2022-12-25,7.069,
2022-12-26,7.096,
2022-12-27,7.008,
2022-12-28,7.122,
2022-12-29,6.99,
2022-12-30,6.983,
2022-12-31,7.061,
2023-01-01,7.048,
2023-01-02,7.058,
2023-01-03,7.007,
2023-01-04,7.422,
2023-01-05,7.981,
2023-01-06,7.449,
2023-01-07,7.619,
2023-01-08,7.484,
2023-01-09,7.692,
2023-01-10,7.77,
2023-01-11,11.672,
2023-01-12,7.492,
2023-01-13,7.635,
2023-01-14,13.226,
2023-01-15,7.756,
2023-01-16,7.506,
2023-01-17,7.673,
2023-01-18,7.621,
2023-01-19,8.218,
2023-01-20,7.781,
2023-01-21,9.058,
2023-01-22,7.535,
2023-01-23,7.807,
2023-01-24,7.662,
2023-01-25,7.764,
2023-01-26,7.737,
2023-01-27,7.781,
2023-01-28,7.838,
2023-01-29,7.932,
2023-01-30,7.857,
2023-01-31,7.643,
2023-02-01,7.873,
2023-02-02,8.081,
2023-02-03,7.818,
2023-02-04,7.709,
2023-02-05,7.784,
2023-02-06,7.936,
2023-02-07,7.49,
2023-02-08,9.81,
2023-02-09,7.861,
2023-02-10,7.914,
2023-02-11,7.891,
2023-02-12,7.939,
2023-02-13,8.087,
2023-02-14,8.0,
2023-02-15,7.667,
2023-02-16,7.925,
2023-02-17,8.152,
2023-02-18,8.263,
2023-02-19,9.128,
2023-02-20,10.403,
2023-02-21,9.85,
2023-02-22,8.612,
2023-02-23,8.947,
2023-02-24,8.903,
2023-02-25,8.735,
2023-02-26,8.616,
2023-02-27,8.7,
2023-02-28,8.964,
2023-03-01,8.891,
2023-03-02,9.032,
2023-03-03,8.999,
2023-03-04,8.817,
2023-03-05,9.89,
2023-03-06,8.617,
2023-03-07,10.26,
2023-03-08,8.701,
2023-03-09,8.845,
2023-03-10,8.822,
2023-03-11,8.975,
2023-03-12,8.84,
2023-03-13,9.985,
2023-03-14,8.794,
2023-03-15,8.845,
2023-03-16,8.608,
2023-03-17,8.478,
2023-03-18,8.492,
2023-03-19,8.334,
2023-03-20,8.527,
2023-03-21,8.267,
2023-03-22,8.314,
2023-03-23,8.535,
2023-03-24,9.308,
2023-03-25,9.037,
2023-03-26,9.189,
2023-03-27,8.98,
2023-03-28,9.183,
2023-03-29,9.504,
2023-03-30,9.663,
2023-03-31,9.756,
2023-04-01,9.402,
2023-04-02,9.658,
2023-04-03,9.862,
2023-04-04,10.925,
2023-04-05,9.758,
2023-04-06,9.899,
2023-04-07,10.824,
2023-04-08,10.561,
2023-04-09,10.419,
2023-04-10,10.437,
2023-04-11,10.506,
2023-04-12,10.893,
2023-04-13,11.123,
2023-04-14,11.337,
2023-04-15,12.886,
2023-04-16,11.743,
2023-04-17,11.899,
2023-04-18,12.08,
2023-04-19,11.959,
2023-04-20,12.028,
2023-04-21,12.021,
2023-04-22,11.911,
2023-04-23,11.767,
2023-04-24,11.802,
2023-04-25,10.643,
2023-04-26,10.495,
2023-04-27,10.786,
2023-04-28,10.799,
2023-04-29,10.915,
2023-04-30,14.67,
2023-05-01,10.646,
2023-05-02,10.509,
2023-05-03,11.092,
2023-05-04,10.308,
2023-05-05,10.414,
2023-05-06,9.914,
2023-05-07,9.867,
2023-05-08,9.657,
2023-05-09,9.76,
2023-05-10,10.013,
2023-05-11,10.188,
2023-05-12,9.829,
2023-05-13,10.165,
2023-05-14,9.861,
2023-05-15,11.407,
2023-05-16,9.959,
2023-05-17,9.685,
2023-05-18,9.297,
2023-05-19,9.475,
2023-05-20,13.475,
2023-05-21,9.208,
2023-05-22,9.674,
2023-05-23,9.753,
2023-05-24,9.789,
2023-05-25,9.93,
2023-05-26,9.778,
2023-05-27,10.161,
2023-05-28,10.145,
2023-05-29,9.942,
2023-05-30,9.936,
2023-05-31,10.263,
2023-06-01,10.228,
2023-06-02,10.16,
2023-06-03,10.262,
2023-06-04,10.206,
2023-06-05,10.126,
2023-06-06,10.456,
2023-06-07,13.27,
2023-06-08,10.769,
2023-06-09,10.514,
2023-06-10,10.582,
2023-06-11,10.113,
2023-06-12,10.081,
2023-06-13,10.026,
2023-06-14,9.942,
2023-06-15,11.565,
2023-06-16,11.773,
2023-06-17,10.873,
2023-06-18,10.706,
2023-06-19,14.63,
2023-06-20,10.941,
2023-06-21,12.037,
2023-06-22,11.426,
2023-06-23,10.473,
2023-06-24,10.415,
2023-06-25,10.46,
2023-06-26,10.521,
2023-06-27,10.431,
2023-06-28,9.733,
2023-06-29,9.191,
2023-06-30,8.916,
2023-07-01,8.786,
2023-07-02,9.032,
2023-07-03,8.817,
2023-07-04,9.253,
2023-07-05,9.618,
2023-07-06,9.131,
2023-07-07,10.064,
2023-07-08,10.373,
2023-07-09,9.618,
2023-07-10,9.706,
2023-07-11,9.249,
2023-07-12,8.711,
2023-07-13,10.604,
2023-07-14,8.696,
2023-07-15,9.524,
2023-07-16,9.822,
2023-07-17,9.153,
2023-07-18,9.228,
2023-07-19,9.258,
2023-07-20,9.612,
2023-07-21,9.59,
2023-07-22,9.459,
2023-07-23,12.077,
2023-07-24,8.997,
2023-07-25,9.067,
2023-07-26,9.339,
2023-07-27,11.833,
2023-07-28,18.261,
2023-07-29,24.566,
2023-07-30,9.317,
2023-07-31,9.536,
2023-08-01,11.388,
2023-08-02,9.822,
2023-08-03,9.651,
2023-08-04,9.613,
2023-08-05,11.431,
2023-08-06,9.521,
2023-08-07,11.274,
2023-08-08,9.545,
2023-08-09,9.513,
2023-08-10,9.726,
2023-08-11,9.579,
2023-08-12,11.377,
2023-08-13,9.401,
2023-08-14,9.124,
2023-08-15,10.133,
2023-08-16,10.97,
2023-08-17,9.391,
2023-08-18,9.151,
2023-08-19,9.816,
2023-08-20,9.525,
2023-08-21,10.161,
2023-08-22,10.112,
2023-08-23,8.966,
2023-08-24,9.01,
2023-08-25,9.484,
2023-08-26,9.565,
2023-08-27,9.614,
2023-08-28,9.466,
2023-08-29,9.58,
2023-08-30,9.607,
2023-08-31,9.32,
2023-09-01,9.953,
2023-09-02,9.859,
2023-09-03,9.972,
2023-09-04,10.121,
2023-09-05,10.272,
2023-09-06,11.91,
2023-09-07,10.257,
2023-09-08,10.755,
2023-09-09,9.952,
2023-09-10,10.77,
2023-09-11,16.099,
2023-09-12,13.13,
2023-09-13,10.655,
2023-09-14,12.525,
2023-09-15,15.055,
2023-09-16,11.616,
2023-09-17,10.97,
2023-09-18,11.039,
2023-09-19,10.916,
2023-09-20,10.873,
2023-09-21,10.971,
2023-09-22,14.273,
2023-09-23,10.846,
2023-09-24,11.499,
2023-09-25,11.497,
2023-09-26,10.936,
2023-09-27,11.007,
2023-09-28,10.788,
2023-09-29,11.021,
2023-09-30,10.924,
2023-10-01,11.158,
2023-10-02,11.263,
2023-10-03,11.334,
2023-10-04,11.534,
2023-10-05,11.905,
2023-10-06,12.083,
2023-10-07,12.21,
2023-10-08,12.637,
2023-10-09,12.657,
2023-10-10,12.919,
2023-10-11,13.131,
2023-10-12,13.238,
2023-10-13,13.671,
2023-10-14,13.369,
2023-10-15,13.101,
2023-10-16,13.062,
2023-10-17,22.719,
2023-10-18,13.127,
2023-10-19,13.321,
2023-10-20,14.191,
2023-10-21,13.184,
2023-10-22,13.486,
2023-10-23,12.52,
2023-10-24,12.224,
2023-10-25,12.378,
2023-10-26,12.143,
2023-10-27,12.134,
2023-10-28,11.156,
2023-10-29,11.071,
2023-10-30,12.206,
2023-10-31,11.269,
2023-11-01,12.033,
2023-11-02,11.837,
2023-11-03,11.592,
2023-11-04,12.202,
2023-11-05,12.884,
2023-11-06,11.868,
2023-11-07,11.706,
2023-11-08,11.532,
2023-11-09,11.517,
2023-11-10,12.779,
2023-11-11,11.646,
2023-11-12,10.873,
2023-11-13,10.832,
2023-11-14,10.552,
2023-11-15,10.505,
2023-11-16,10.291,
2023-11-17,10.495,
2023-11-18,9.645,
2023-11-19,9.756,
2023-11-20,10.622,
2023-11-21,9.592,
2023-11-22,9.154,
2023-11-23,9.122,
2023-11-24,9.049,
2023-11-25,9.68,
2023-11-26,8.7,
2023-11-27,8.929,
2023-11-28,9.15,
2023-11-29,10.134,
2023-11-30,9.276,
2023-12-01,11.299,
2023-12-02,11.174,
2023-12-03,10.725,
2023-12-04,10.603,
2023-12-05,10.979,
2023-12-06,9.819,
2023-12-07,10.43,
2023-12-08,10.109,
2023-12-09,10.728,
2023-12-10,10.014,
2023-12-11,10.414,
2023-12-12,10.733,
2023-12-13,10.211,
2023-12-14,10.85,
2023-12-15,11.063,
2023-12-16,11.732,
2023-12-17,10.36,
2023-12-18,11.307,
2023-12-19,10.102,
2023-12-20,10.104,
2023-12-21,9.634,
2023-12-22,9.615,
2023-12-23,9.383,
2023-12-24,9.421,
2023-12-25,10.527,
2023-12-26,10.944,
2023-12-27,9.542,
2023-12-28,9.474,
2023-12-29,9.602,
2023-12-30,11.642,
2023-12-31,10.049,
2024-01-01,13.456,
2024-01-02,9.953,
2024-01-03,9.559,
2024-01-04,9.567,
2024-01-05,9.806,
2024-01-06,9.906,
2024-01-07,9.844,
2024-01-08,9.625,
2024-01-09,9.668,
2024-01-10,9.709,
2024-01-11,9.643,
2024-01-12,9.514,
2024-01-13,9.416,
2024-01-14,9.903,
2024-01-15,10.836,
2024-01-16,10.989,
2024-01-17,12.004,
2024-01-18,11.617,
2024-01-19,11.142,
2024-01-20,11.754,
2024-01-21,11.365,
2024-01-22,11.051,
2024-01-23,11.017,
2024-01-24,10.327,
2024-01-25,10.428,
2024-01-26,10.352,
2024-01-27,9.698,
2024-01-28,9.991,
2024-01-29,19.174,
2024-01-30,10.051,
2024-01-31,14.615,
2024-02-01,10.226,
2024-02-02,10.855,
2024-02-03,11.608,
2024-02-04,10.561,
2024-02-05,10.916,
2024-02-06,10.35,
2024-02-07,9.945,
2024-02-08,10.39,
2024-02-09,10.517,
2024-02-10,9.774,
2024-02-11,9.922,
2024-02-12,91.153,
2024-02-13,9.911,
2024-02-14,10.03,
2024-02-15,10.523,
2024-02-16,9.731,
2024-02-17,11.051,
2024-02-18,9.93,
2024-02-19,10.044,
2024-02-20,14.789,
2024-02-21,10.318,
2024-02-22,10.318,
2024-02-23,10.859,
2024-02-24,10.375,
2024-02-25,11.158,
2024-02-26,10.734,
2024-02-27,10.852,
2024-02-28,11.836,
2024-02-29,10.99,
2024-03-01,14.203,
2024-03-02,11.284,
2024-03-03,12.285,
2024-03-04,11.743,
2024-03-05,12.551,
2024-03-06,11.914,
2024-03-07,12.138,
2024-03-08,12.437,
2024-03-09,13.487,
2024-03-10,14.494,
2024-03-11,12.612,
2024-03-12,12.436,
2024-03-13,11.897,
2024-03-14,11.207,
2024-03-15,10.911,
2024-03-16,10.891,
2024-03-17,11.4,
2024-03-18,12.561,
2024-03-19,11.081,
2024-03-20,11.552,
2024-03-21,11.496,
2024-03-22,11.608,
2024-03-23,11.744,
2024-03-24,11.637,
2024-03-25,11.519,
2024-03-26,12.053,
2024-03-27,11.616,
2024-03-28,11.357,
2024-03-29,11.25,
2024-03-30,12.123,
2024-03-31,11.744,
2024-04-01,11.477,
2024-04-02,12.043,
2024-04-03,11.97,
2024-04-04,15.05,
2024-04-05,13.193,
2024-04-06,13.092,
2024-04-07,12.063,
2024-04-08,12.883,
2024-04-09,12.348,
2024-04-10,12.621,
2024-04-11,13.474,
2024-04-12,12.305,
2024-04-13,12.461,
2024-04-14,13.117,
2024-04-15,15.565,
2024-04-16,11.978,
2024-04-17,11.888,
2024-04-18,12.053,
2024-04-19,11.89,
2024-04-20,11.458,
2024-04-21,11.509,
2024-04-22,12.37,
2024-04-23,12.175,
2024-04-24,11.864,
2024-04-25,12.715,
2024-04-26,12.205,
2024-04-27,11.908,
2024-04-28,11.766,
2024-04-29,12.261,
2024-04-30,11.859,
2024-05-01,13.143,
2024-05-02,12.048,
2024-05-03,14.118,
2024-05-04,13.202,
2024-05-05,12.865,
2024-05-06,13.478,
2024-05-07,12.886,
2024-05-08,12.532,
2024-05-09,13.313,
2024-05-10,12.577,
2024-05-11,12.623,
2024-05-12,20.756,
2024-05-13,13.508,
2024-05-14,12.483,
2024-05-15,54.023,
2024-05-16,12.356,
2024-05-17,12.224,
2024-05-18,12.017,
2024-05-19,12.406,
2024-05-20,12.227,
2024-05-21,12.488,
2024-05-22,13.2,
2024-05-23,12.604,
2024-05-24,12.531,
2024-05-25,15.242,
2024-05-26,12.395,
2024-05-27,12.233,
2024-05-28,12.312,
2024-05-29,11.857,
2024-05-30,13.771,
2024-05-31,12.489,
2024-06-01,11.747,
2024-06-02,11.962,
2024-06-03,12.116,
2024-06-04,12.437,
2024-06-05,12.446,
2024-06-06,11.829,
2024-06-07,13.986,
2024-06-08,11.598,
2024-06-09,11.623,
2024-06-10,12.2,
2024-06-11,11.475,
2024-06-12,11.153,
2024-06-13,11.072,
2024-06-14,11.795,
2024-06-15,10.908,
2024-06-16,11.242,
2024-06-17,11.571,
2024-06-18,15.232,
2024-06-19,11.07,
2024-06-20,10.768,
2024-06-21,10.764,
2024-06-22,10.858,
2024-06-23,10.54,
2024-06-24,10.824,
2024-06-25,11.29,
2024-06-26,11.067,
2024-06-27,14.759,
2024-06-28,11.291,
2024-06-29,10.371,
2024-06-30,10.638,
2024-07-01,10.758,
2024-07-02,11.537,
2024-07-03,15.394,
2024-07-04,11.107,
2024-07-05,10.675,
2024-07-06,10.904,
2024-07-07,11.296,
2024-07-08,10.346,
2024-07-09,11.201,
2024-07-10,11.415,
2024-07-11,10.976,
2024-07-12,10.794,
2024-07-13,10.074,
2024-07-14,10.028,
2024-07-15,10.079,
2024-07-16,10.593,
2024-07-17,10.266,
2024-07-18,10.503,
2024-07-19,10.79,
2024-07-20,11.02,
2024-07-21,11.158,
2024-07-22,10.898,
2024-07-23,10.67,
2024-07-24,26.208,
2024-07-25,13.306,
2024-07-26,10.606,
2024-07-27,12.649,
2024-07-28,10.912,
2024-07-29,11.165,
2024-07-30,12.253,
2024-07-31,11.752,
2024-08-01,12.077,
2024-08-02,12.018,
2024-08-03,18.045,
2024-08-04,12.604,
2024-08-05,12.804,
2024-08-06,13.007,
2024-08-07,13.189,
2024-08-08,12.884,
2024-08-09,12.875,
2024-08-10,13.119,
2024-08-11,12.914,
2024-08-12,12.436,
2024-08-13,12.305,
2024-08-14,12.073,
2024-08-15,11.826,
2024-08-16,13.057,
2024-08-17,12.114,
2024-08-18,11.763,
2024-08-19,11.522,
2024-08-20,11.512,
2024-08-21,11.536,
2024-08-22,11.647,
2024-08-23,11.044,
2024-08-24,11.061,
2024-08-25,11.048,
2024-08-26,10.825,
2024-08-27,11.53,
2024-08-28,11.807,
2024-08-29,13.907,
2024-08-30,22.426,
2024-08-31,12.854,
2024-09-01,12.548,
2024-09-02,12.26,
2024-09-03,12.835,
2024-09-04,12.716,
2024-09-05,13.774,
2024-09-06,13.154,
2024-09-07,13.446,
2024-09-08,13.116,
2024-09-09,14.144,
2024-09-10,19.615,
2024-09-11,13.903,
2024-09-12,13.667,
2024-09-13,12.219,
2024-09-14,12.31,
2024-09-15,12.67,
2024-09-16,12.169,
2024-09-17,15.362,
2024-09-18,15.978,
2024-09-19,12.042,
2024-09-20,12.145,
2024-09-21,12.474,
2024-09-22,12.313,
2024-09-23,12.306,
2024-09-24,12.028,
2024-09-25,12.967,
2024-09-26,13.033,
2024-09-27,21.848,
2024-09-28,12.893,
2024-09-29,12.984,
2024-09-30,12.879,
2024-10-01,13.63,
2024-10-02,12.703,
2024-10-03,11.911,
2024-10-04,11.829,
2024-10-05,12.262,
2024-10-06,13.133,
2024-10-07,12.42,
2024-10-08,12.862,
2024-10-09,13.304,
2024-10-10,13.425,
2024-10-11,12.997,
2024-10-12,12.853,
2024-10-13,12.624,
2024-10-14,12.518,
2024-10-15,13.043,
2024-10-16,16.247,
2024-10-17,13.3,
2024-10-18,19.146,
2024-10-19,15.761,
2024-10-20,14.474,
2024-10-21,14.178,
2024-10-22,33.569,
2024-10-23,24.363,
2024-10-24,13.414,
2024-10-25,14.825,
2024-10-26,14.55,
2024-10-27,13.74,
2024-10-28,14.406,
2024-10-29,13.275,
2024-10-30,12.773,
2024-10-31,12.632,
2024-11-01,12.558,
2024-11-02,14.68,
2024-11-03,13.35,
2024-11-04,14.217,
2024-11-05,21.851,
2024-11-06,13.767,
2024-11-07,14.889,
2024-11-08,13.49,
2024-11-09,14.397,
2024-11-10,14.82,
2024-11-11,14.488,
2024-11-12,13.951,
2024-11-13,13.269,
2024-11-14,13.215,
2024-11-15,13.366,
2024-11-16,12.05,
2024-11-17,12.557666666666668,
2024-11-18,13.065333333333331,
2024-11-19,13.573,
2024-11-20,13.996,
2024-11-21,13.205,
2024-11-22,13.2325,
2024-11-23,13.26,
2024-11-24,13.468,
2024-11-25,100.354,
2024-11-26,13.284,
2024-11-27,12.972,
2024-11-28,12.66,
2024-11-29,12.67,
2024-11-30,12.93,
2024-12-01,13.19,
2024-12-02,13.659,
2024-12-03,13.6612,
2024-12-04,13.6634,
2024-12-05,13.6656,
2024-12-06,13.6678,
2024-12-07,13.67,
2024-12-08,13.605,
2024-12-09,13.54,
2024-12-10,13.475,
2024-12-11,13.41,
2024-12-12,13.9,
2024-12-13,12.27,
2024-12-14,,15.257412949114958
2024-12-15,,15.32225493877057
2024-12-16,,15.323662338314628
2024-12-17,,15.323692886011994
2024-12-18,,15.323693549051724
2024-12-19,,15.323693563443044
2024-12-20,,15.323693563755409
